                       precision    recall  f1-score   support

          WORD0001_고민     1.0000    1.0000    1.0000        16
          WORD0002_뻔뻔     1.0000    1.0000    1.0000        23
          WORD0003_수어     1.0000    1.0000    1.0000        16
          WORD0004_남아     1.0000    1.0000    1.0000         9
           WORD0005_눈     1.0000    1.0000    1.0000        23
          WORD0006_독신     1.0000    1.0000    1.0000        23
         WORD0007_음료수     0.9375    1.0000    0.9677        15
         WORD0008_발가락     1.0000    1.0000    1.0000        17
         WORD0009_슬프다     1.0000    1.0000    1.0000        22
          WORD0010_자극     1.0000    1.0000    1.0000        16
        WORD0011_안타깝다     1.0000    1.0000    1.0000        16
        WORD0012_어색하다     1.0000    1.0000    1.0000        17
          WORD0013_여아     1.0000    1.0000    1.0000        28
         WORD0014_외국인     1.0000    1.0000    1.0000        11
          WORD0015_영아     1.0000    1.0000    1.0000         9
          WORD0016_신사     1.0000    1.0000    1.0000        21
        WORD0017_뉴질랜드     1.0000    1.0000    1.0000        17
      WORD0018_나사렛대학교     1.0000    1.0000    1.0000        17
         WORD0019_알아서     1.0000    1.0000    1.0000         9
         WORD0020_장애인     1.0000    1.0000    1.0000        22
       WORD0021_열아홉번째     1.0000    1.0000    1.0000        10
          WORD0022_침착     1.0000    1.0000    1.0000        15
          WORD0023_성실     1.0000    1.0000    1.0000        16
        WORD0024_학교연혁     1.0000    1.0000    1.0000        10
        WORD0025_싫어하다     1.0000    1.0000    1.0000        15
         WORD0026_급하다     1.0000    1.0000    1.0000        16
        WORD0027_필기시험     1.0000    1.0000    1.0000        10
         WORD0028_병문안     1.0000    1.0000    1.0000        15
          WORD0029_검사     1.0000    1.0000    1.0000        10
         WORD0030_결승전     1.0000    1.0000    1.0000        22
         WORD0031_낚시터     1.0000    1.0000    1.0000        16
         WORD0032_낚시대     1.0000    1.0000    1.0000        16
         WORD0033_당뇨병     1.0000    1.0000    1.0000        16
          WORD0034_독서     1.0000    1.0000    1.0000        10
         WORD0035_매표소     1.0000    1.0000    1.0000         9
          WORD0036_면역     1.0000    1.0000    1.0000         9
          WORD0037_감기     1.0000    1.0000    1.0000        28
        WORD0038_배드민턴     1.0000    1.0000    1.0000        11
          WORD0039_변비     1.0000    1.0000    1.0000         9
          WORD0040_병명     1.0000    1.0000    1.0000        15
         WORD0041_보건소     1.0000    1.0000    1.0000        29
         WORD0042_불면증     1.0000    1.0000    1.0000        18
          WORD0043_불행     1.0000    1.0000    1.0000         9
          WORD0044_붕대     1.0000    1.0000    1.0000         9
          WORD0045_사위     1.0000    1.0000    1.0000        21
          WORD0046_설사     1.0000    1.0000    1.0000        23
          WORD0047_성병     1.0000    1.0000    1.0000        11
          WORD0048_방충     1.0000    1.0000    1.0000        16
         WORD0049_소화제     1.0000    1.0000    1.0000         9
          WORD0050_손녀     1.0000    1.0000    1.0000        21
          WORD0051_손자     1.0000    1.0000    1.0000        23
         WORD0052_수면제     1.0000    1.0000    1.0000        23
         WORD0053_수집가     1.0000    1.0000    1.0000        23
         WORD0054_여행지     1.0000    1.0000    1.0000        11
         WORD0055_예식장     1.0000    1.0000    1.0000        10
       WORD0056_올림픽경기     1.0000    1.0000    1.0000        21
          WORD0057_회복     1.0000    1.0000    1.0000        11
         WORD0058_첫번째     1.0000    1.0000    1.0000        15
        WORD0059_운동경기     1.0000    1.0000    1.0000        10
          WORD0060_입원     1.0000    1.0000    1.0000        15
          WORD0061_재혼     1.0000    1.0000    1.0000        17
         WORD0062_진단서     1.0000    1.0000    1.0000        21
         WORD0063_축구장     1.0000    1.0000    1.0000        17
          WORD0064_치료     1.0000    1.0000    1.0000        29
         WORD0065_치료법     1.0000    1.0000    1.0000        17
         WORD0066_친아들     1.0000    1.0000    1.0000        22
          WORD0067_퇴원     1.0000    1.0000    1.0000        17
          WORD0068_한약     1.0000    1.0000    1.0000        10
         WORD0069_한약방     1.0000    1.0000    1.0000         9
          WORD0070_빈혈     1.0000    1.0000    1.0000        22
          WORD0071_화상     1.0000    1.0000    1.0000        10
         WORD0072_가래떡     1.0000    1.0000    1.0000        15
         WORD0073_고깃국     1.0000    1.0000    1.0000        17
          WORD0074_고추     1.0000    1.0000    1.0000         9
        WORD0075_고추가루     1.0000    1.0000    1.0000         9
          WORD0076_사골     1.0000    1.0000    1.0000        21
         WORD0077_배추국     1.0000    1.0000    1.0000        24
         WORD0078_꽈베기     1.0000    1.0000    1.0000        22
          WORD0079_벌꿀     1.0000    1.0000    1.0000        24
          WORD0080_꿀물     1.0000    1.0000    1.0000        16
          WORD0081_냄비     1.0000    1.0000    1.0000        22
          WORD0082_찬물     1.0000    1.0000    1.0000        11
          WORD0083_다과     1.0000    1.0000    1.0000        16
      WORD0084_지방경찰청장     1.0000    1.0000    1.0000        15
        WORD0085_된장찌게     1.0000    1.0000    1.0000        10
        WORD0086_돼지고기     1.0000    1.0000    1.0000         9
          WORD0087_두부     1.0000    1.0000    1.0000        15
          WORD0088_딸기     1.0000    1.0000    1.0000        16
          WORD0089_떡국     1.0000    1.0000    1.0000        23
          WORD0090_라면     1.0000    1.0000    1.0000        29
         WORD0091_막걸리     1.0000    1.0000    1.0000        18
           WORD0092_무     1.0000    1.0000    1.0000         9
         WORD0093_밥그릇     1.0000    1.0000    1.0000        17
          WORD0094_밥솥     1.0000    1.0000    1.0000        15
         WORD0095_보신탕     1.0000    1.0000    1.0000        16
          WORD0096_부엌     1.0000    1.0000    1.0000        16
        WORD0097_소불고기     1.0000    1.0000    1.0000        16
         WORD0098_비빔밥     1.0000    1.0000    1.0000        23
          WORD0099_사과     1.0000    1.0000    1.0000        16
         WORD0100_사이다     1.0000    1.0000    1.0000        10
          WORD0101_달다     1.0000    1.0000    1.0000        15
          WORD0102_소주     1.0000    1.0000    1.0000        10
          WORD0103_술잔     1.0000    1.0000    1.0000         9
          WORD0104_식당     1.0000    1.0000    1.0000        16
         WORD0105_쌀가루     1.0000    1.0000    1.0000        15
         WORD0106_냉커피     1.0000    1.0000    1.0000        16
          WORD0107_양식     1.0000    1.0000    1.0000        16
         WORD0108_위스키     1.0000    1.0000    1.0000        10
           WORD0109_술     1.0000    1.0000    1.0000        15
          WORD0110_용품     1.0000    1.0000    1.0000        22
        WORD0111_유리그릇     1.0000    1.0000    1.0000        17
          WORD0112_짬뽕     1.0000    1.0000    1.0000        16
          WORD0113_참외     1.0000    1.0000    1.0000        28
         WORD0114_칼국수     1.0000    1.0000    1.0000        18
          WORD0115_커피     1.0000    1.0000    1.0000        10
          WORD0116_콜라     1.0000    1.0000    1.0000        21
         WORD0117_콩가루     1.0000    1.0000    1.0000        17
         WORD0118_통조림     1.0000    1.0000    1.0000        28
          WORD0119_와인     1.0000    1.0000    1.0000        19
         WORD0120_백설기     1.0000    1.0000    1.0000        27
         WORD0121_가죽신     1.0000    1.0000    1.0000        19
          WORD0122_군복     1.0000    1.0000    1.0000        22
          WORD0123_포켓     1.0000    1.0000    1.0000        16
          WORD0124_양산     1.0000    1.0000    1.0000        10
         WORD0125_운동화     1.0000    1.0000    1.0000        16
          WORD0126_잠옷     1.0000    1.0000    1.0000        15
          WORD0127_이불     1.0000    1.0000    1.0000        16
         WORD0128_에어컨     1.0000    1.0000    1.0000        10
          WORD0129_행거     1.0000    1.0000    1.0000         9
          WORD0130_월세     1.0000    1.0000    1.0000        15
          WORD0131_전세     1.0000    1.0000    1.0000        10
          WORD0132_치약     1.0000    1.0000    1.0000        15
          WORD0133_가수     1.0000    1.0000    1.0000        16
          WORD0134_체감     1.0000    1.0000    1.0000        22
          WORD0135_경고     1.0000    1.0000    1.0000        23
         WORD0136_경찰서     1.0000    1.0000    1.0000        18
          WORD0137_공식     1.0000    1.0000    1.0000         9
          WORD0138_과장     1.0000    1.0000    1.0000        15
        WORD0139_관광버스     1.0000    1.0000    1.0000        16
          WORD0140_교수     1.0000    1.0000    1.0000        16
          WORD0141_교장     1.0000    1.0000    1.0000        16
          WORD0142_찻길     1.0000    1.0000    1.0000        16
         WORD0143_독일어     1.0000    1.0000    1.0000        10
          WORD0144_반환     1.0000    1.0000    1.0000        21
        WORD0145_음주운전     1.0000    1.0000    1.0000        11
         WORD0146_동아리     1.0000    1.0000    1.0000        21
        WORD0147_디자이너     1.0000    1.0000    1.0000        11
        WORD0148_마을버스     1.0000    1.0000    1.0000        15
         WORD0149_구급차     1.0000    1.0000    1.0000        16
     WORD0150_개입하지않는다     1.0000    1.0000    1.0000        22
        WORD0151_음주운전     1.0000    1.0000    1.0000        24
          WORD0152_사무     1.0000    1.0000    1.0000        16
         WORD0153_신입학     1.0000    1.0000    1.0000        16
         WORD0154_여객선     1.0000    1.0000    1.0000        16
         WORD0155_여행사     1.0000    1.0000    1.0000        10
         WORD0156_기차역     1.0000    1.0000    1.0000         9
         WORD0157_예술가     1.0000    1.0000    1.0000        15
         WORD0158_외국어     1.0000    1.0000    1.0000        10
         WORD0159_요리사     1.0000    1.0000    1.0000        16
          WORD0160_강요     1.0000    1.0000    1.0000         9
        WORD0161_운동선수     1.0000    1.0000    1.0000        15
          WORD0162_퇴임     1.0000    1.0000    1.0000        29
          WORD0163_의사     1.0000    1.0000    1.0000        17
         WORD0164_이력서     1.0000    1.0000    1.0000        16
         WORD0165_자가용     1.0000    1.0000    1.0000        16
        WORD0166_재택근무     1.0000    1.0000    1.0000        16
        WORD0167_연령제한     1.0000    1.0000    1.0000        23
         WORD0168_주차장     1.0000    1.0000    1.0000        22
          WORD0169_채팅     1.0000    1.0000    1.0000        24
          WORD0170_출근     1.0000    1.0000    1.0000        16
          WORD0171_코치     1.0000    1.0000    1.0000        16
         WORD0172_터미널     1.0000    1.0000    1.0000        22
          WORD0173_근무     1.0000    1.0000    1.0000        17
         WORD0174_통역사     1.0000    1.0000    1.0000        16
          WORD0175_퇴사     1.0000    1.0000    1.0000        16
          WORD0176_사직     1.0000    1.0000    1.0000        23
          WORD0177_판결     1.0000    1.0000    1.0000        10
          WORD0178_평가     1.0000    1.0000    1.0000        21
         WORD0179_두번째     1.0000    1.0000    1.0000        23
         WORD0180_항공사     1.0000    1.0000    1.0000        17
      WORD0181_교통안전교육     1.0000    1.0000    1.0000        16
        WORD0182_화상채팅     1.0000    1.0000    1.0000        23
          WORD0183_회식     1.0000    1.0000    1.0000        22
      WORD0184_교통기본교육     1.0000    1.0000    1.0000        17
          WORD0185_후원     1.0000    1.0000    1.0000        16
          WORD0186_희생     1.0000    1.0000    1.0000        10
         WORD0187_간호사     1.0000    1.0000    1.0000        15
       WORD0188_교통법교육     1.0000    1.0000    1.0000        10
         WORD0189_계약금     1.0000    1.0000    1.0000         9
          WORD0190_고용     1.0000    1.0000    1.0000        15
         WORD0191_사업장     1.0000    1.0000    1.0000        23
         WORD0192_버스값     1.0000    1.0000    1.0000        22
          WORD0193_구직     1.0000    1.0000    1.0000        11
           WORD0194_논     1.0000    1.0000    1.0000        15
         WORD0195_대기업     1.0000    1.0000    1.0000        23
         WORD0196_사육장     1.0000    1.0000    1.0000        10
         WORD0197_백화점     1.0000    1.0000    1.0000        15
          WORD0198_압류     1.0000    1.0000    1.0000        16
          WORD0199_거지     1.0000    1.0000    1.0000        10
          WORD0200_수입     1.0000    1.0000    1.0000        15
        WORD0201_신용카드     1.0000    1.0000    1.0000        16
          WORD0202_백수     1.0000    1.0000    1.0000        16
       WORD0203_아르바이트     1.0000    1.0000    1.0000        10
          WORD0204_샛길     1.0000    1.0000    1.0000        16
         WORD0205_일시불     1.0000    1.0000    1.0000        15
         WORD0206_주유소     1.0000    1.0000    1.0000        10
         WORD0207_집주인     1.0000    1.0000    1.0000         9
        WORD0208_한국은행     1.0000    1.0000    1.0000        15
        WORD0209_경찰청장     1.0000    1.0000    1.0000        29
        WORD0210_가정교육     1.0000    1.0000    1.0000        17
        WORD0211_고등학교     1.0000    1.0000    1.0000        10
        WORD0212_고등학생     1.0000    1.0000    1.0000        15
         WORD0213_교무실     1.0000    1.0000    1.0000        16
          WORD0214_개학     1.0000    1.0000    1.0000        16
          WORD0215_교실     1.0000    1.0000    1.0000        10
         WORD0216_교육자     1.0000    1.0000    1.0000        21
         WORD0217_국어학     1.0000    1.0000    1.0000        24
          WORD0218_낙제     1.0000    1.0000    1.0000        10
          WORD0219_예절     1.0000    1.0000    1.0000        16
         WORD0220_독서실     1.0000    1.0000    1.0000        15
          WORD0221_등교     1.0000    1.0000    1.0000        10
         WORD0222_맹학교     1.0000    1.0000    1.0000         9
          WORD0223_복습     1.0000    1.0000    1.0000        15
          WORD0224_분필     1.0000    1.0000    1.0000        16
          WORD0225_상장     1.0000    1.0000    1.0000        16
          WORD0226_서점     1.0000    1.0000    1.0000        16
          WORD0227_학업     1.0000    1.0000    1.0000        17
          WORD0228_실습     1.0000    1.0000    1.0000        21
         WORD0229_여학교     1.0000    1.0000    1.0000        24
         WORD0230_여학생     1.0000    1.0000    1.0000        10
         WORD0231_연구소     1.0000    1.0000    1.0000        16
         WORD0232_연구실     1.0000    1.0000    1.0000        15
          WORD0233_예습     1.0000    1.0000    1.0000        10
          WORD0234_유학     1.0000    1.0000    1.0000         9
          WORD0235_의학     1.0000    1.0000    1.0000        21
          WORD0236_지도     1.0000    1.0000    1.0000        11
          WORD0237_재학     1.0000    1.0000    1.0000        21
          WORD0238_연구     1.0000    1.0000    1.0000        11
         WORD0239_학부모     1.0000    1.0000    1.0000        21
          WORD0240_학식     1.0000    1.0000    1.0000        17
          WORD0241_훈련     1.0000    1.0000    1.0000        22
         WORD0242_경기도     1.0000    1.0000    1.0000        11
         WORD0243_경기도     1.0000    1.0000    1.0000        15
          WORD0244_경북     1.0000    1.0000    1.0000        16
          WORD0245_남산     1.0000    1.0000    1.0000        10
         WORD0246_울릉도     1.0000    1.0000    1.0000         9
          WORD0247_울산     1.0000    1.0000    1.0000        21
          WORD0248_전남     1.0000    1.0000    1.0000        11
          WORD0249_청주     1.0000    1.0000    1.0000        22
          WORD0250_충북     1.0000    1.0000    1.0000        10
          WORD0251_충남     1.0000    1.0000    1.0000        15
          WORD0252_불경     1.0000    1.0000    1.0000        22
          WORD0253_불경     1.0000    1.0000    1.0000        11
         WORD0254_성경책     1.0000    1.0000    1.0000         9
          WORD0255_신학     1.0000    1.0000    1.0000         9
         WORD0256_장로교     1.0000    1.0000    1.0000        16
         WORD0257_일요일     1.0000    1.0000    1.0000        15
          WORD0258_축하     1.0000    1.0000    1.0000        29
          WORD0259_회개     1.0000    1.0000    1.0000        17
          WORD0260_소감     1.0000    1.0000    1.0000        29
          WORD0261_장난     1.0000    1.0000    1.0000        23
          WORD0262_장인     1.0000    1.0000    1.0000        11
         WORD0263_희생자     1.0000    1.0000    1.0000        22
         WORD0264_디자인     1.0000    1.0000    1.0000        29
         WORD0265_돌무덤     1.0000    1.0000    1.0000        23
         WORD0266_쇠기둥     1.0000    1.0000    1.0000        11
         WORD0267_동화책     1.0000    1.0000    1.0000         9
         WORD0268_목공예     1.0000    1.0000    1.0000        15
          WORD0269_문학     1.0000    1.0000    1.0000        16
        WORD0270_문화유산     1.0000    1.0000    1.0000        10
         WORD0271_음악가     1.0000    1.0000    1.0000         9
          WORD0272_예술     1.0000    1.0000    1.0000         9
         WORD0273_초상화     1.0000    1.0000    1.0000        16
          WORD0274_토기     1.0000    1.0000    1.0000        21
        WORD0275_흑백영화     1.0000    1.0000    1.0000        17
          WORD0276_공군     1.0000    1.0000    1.0000        10
          WORD0277_감옥     1.0000    1.0000    1.0000        15
          WORD0278_국왕     1.0000    1.0000    1.0000        10
        WORD0279_보건복지     1.0000    1.0000    1.0000        21
          WORD0280_고소     1.0000    1.0000    1.0000        17
         WORD0281_유권자     1.0000    1.0000    1.0000        10
         WORD0282_절도죄     1.0000    1.0000    1.0000        15
         WORD0283_수감자     1.0000    1.0000    1.0000        17
          WORD0284_총무     1.0000    1.0000    1.0000         9
           WORD0285_강     1.0000    1.0000    1.0000        15
          WORD0286_달빛     1.0000    1.0000    1.0000        16
          WORD0287_장마     1.0000    1.0000    1.0000        16
          WORD0288_체온     1.0000    1.0000    1.0000        10
          WORD0289_파도     1.0000    1.0000    1.0000        15
          WORD0290_하늘     1.0000    1.0000    1.0000        22
        WORD0291_가시나무     1.0000    1.0000    1.0000        23
         WORD0292_강아지     1.0000    1.0000    1.0000        17
         WORD0293_구렁이     1.0000    1.0000    1.0000        16
         WORD0294_까마귀     1.0000    1.0000    1.0000        16
          WORD0295_꽃씨     1.0000    1.0000    1.0000        10
          WORD0296_꽃잎     1.0000    1.0000    1.0000        15
         WORD0297_웃는척     1.0000    1.0000    1.0000        23
         WORD0298_흡연실     1.0000    1.0000    1.0000        22
         WORD0299_무궁화     1.0000    1.0000    1.0000        11
         WORD0300_밤나무     1.0000    1.0000    1.0000        21
          WORD0301_벚꽃     1.0000    1.0000    1.0000        24
          WORD0302_깃털     1.0000    1.0000    1.0000        16
          WORD0303_솔잎     1.0000    1.0000    1.0000        23
         WORD0304_송아지     1.0000    1.0000    1.0000         9
          WORD0305_소뿔     1.0000    1.0000    1.0000        16
          WORD0306_양털     1.0000    1.0000    1.0000        15
          WORD0307_연꽃     1.0000    1.0000    1.0000        23
          WORD0308_참새     1.0000    1.0000    1.0000        16
         WORD0309_어젯밤     1.0000    1.0000    1.0000        23
          WORD0310_갈색     1.0000    1.0000    1.0000        10
         WORD0311_최상급     1.0000    1.0000    1.0000        16
         WORD0312_공휴일     1.0000    1.0000    1.0000        21
         WORD0313_세번째     1.0000    1.0000    1.0000        30
         WORD0314_네번째     1.0000    1.0000    1.0000        22
         WORD0315_흙내음     1.0000    1.0000    1.0000        18
         WORD0316_금요일     1.0000    1.0000    1.0000        29
          WORD0317_급행     1.0000    1.0000    1.0000        16
        WORD0318_남부지방     1.0000    1.0000    1.0000        24
         WORD0319_식목일     1.0000    1.0000    1.0000        15
          WORD0320_방금     1.0000    1.0000    1.0000        24
       WORD0321_100만원     1.0000    1.0000    1.0000        23
         WORD0322_보라색     1.0000    1.0000    1.0000        15
        WORD0323_분홍조명     1.0000    1.0000    1.0000        11
         WORD0324_분혹색     1.0000    1.0000    1.0000        10
     WORD0325_얼굴이빨개지다     1.0000    1.0000    1.0000        15
         WORD0326_사춘기     1.0000    1.0000    1.0000        16
        WORD0327_3.1절     1.0000    1.0000    1.0000        21
        WORD0328_생년월일     1.0000    1.0000    1.0000        12
         WORD0329_수요일     1.0000    1.0000    1.0000        15
        WORD0330_10만원     1.0000    1.0000    1.0000        16
         WORD0331_어떻게     1.0000    1.0000    1.0000        15
        WORD0332_어린이날     1.0000    1.0000    1.0000        10
          WORD0333_연말     1.0000    1.0000    1.0000        16
          WORD0334_예전     1.0000    1.0000    1.0000        16
          WORD0335_식전     1.0000    1.0000    1.0000        21
         WORD0336_월요일     1.0000    1.0000    1.0000        17
         WORD0337_일요일     1.0000    1.0000    1.0000        10
          WORD0338_자정     1.0000    1.0000    1.0000        22
          WORD0339_아까     1.0000    1.0000    1.0000         9
         WORD0340_진하기     1.0000    1.0000    1.0000        17
        WORD0341_검정머리     1.0000    1.0000    1.0000         9
          WORD0342_최대     1.0000    1.0000    1.0000        10
          WORD0343_최소     1.0000    1.0000    1.0000        15
          WORD0344_평일     1.0000    1.0000    1.0000        10
         WORD0345_한글날     1.0000    1.0000    1.0000        15
         WORD0346_현충일     1.0000    1.0000    1.0000         9
         WORD0347_화요일     1.0000    1.0000    1.0000        22
         WORD0348_황금색     1.0000    1.0000    1.0000        16
          WORD0349_흑백     1.0000    1.0000    1.0000        17
          WORD0350_흑색     1.0000    1.0000    1.0000        10
        WORD0351_임시협약     1.0000    1.0000    1.0000        21
          WORD0352_감금     1.0000    1.0000    1.0000         9
          WORD0353_탈춤     1.0000    1.0000    1.0000        17
          WORD0354_가명     0.9286    1.0000    0.9630        13
          WORD0355_가발     1.0000    1.0000    1.0000        11
       WORD0356_가위바위보     0.9412    1.0000    0.9697        16
        WORD0357_가족회의     1.0000    1.0000    1.0000        16
          WORD0358_가짜     1.0000    0.9286    0.9630        14
         WORD0359_서약서     1.0000    1.0000    1.0000        15
          WORD0360_간편     1.0000    1.0000    1.0000        20
          WORD0361_감옥     1.0000    0.9375    0.9677        16
        WORD0362_감옥살이     1.0000    1.0000    1.0000        16
          WORD0363_보호     1.0000    1.0000    1.0000        15
          WORD0364_견습     0.9375    0.9375    0.9375        16
          WORD0365_강약     1.0000    1.0000    1.0000        16
          WORD0366_강철     1.0000    0.9412    0.9697        17
          WORD0367_개똥     1.0000    0.9333    0.9655        15
          WORD0368_개명     1.0000    1.0000    1.0000        18
        WORD0369_신경쓰다     1.0000    1.0000    1.0000        14
          WORD0370_거목     1.0000    1.0000    1.0000        18
         WORD0371_거북선     1.0000    1.0000    1.0000        12
          WORD0372_거역     0.9091    1.0000    0.9524        10
          WORD0373_거지     1.0000    1.0000    1.0000        14
          WORD0374_건장     0.9167    1.0000    0.9565        11
       WORD0375_걸스카우트     1.0000    1.0000    1.0000        17
          WORD0376_거지     1.0000    1.0000    1.0000        14
          WORD0377_휴학     1.0000    1.0000    1.0000        19
          WORD0378_휴학     1.0000    0.9583    0.9787        24
          WORD0379_회칙     1.0000    1.0000    1.0000        15
         WORD0380_결승전     1.0000    1.0000    1.0000        20
        WORD0381_경찰행정     1.0000    1.0000    1.0000        24
         WORD0382_경비실     0.9500    1.0000    0.9744        19
         WORD0383_고아원     1.0000    1.0000    1.0000        18
         WORD0384_고춧잎     1.0000    1.0000    1.0000        11
          WORD0385_불알     0.9333    1.0000    0.9655        14
         WORD0386_황금기     1.0000    1.0000    1.0000        15
          WORD0387_골절     1.0000    1.0000    1.0000        14
        WORD0388_공식발표     0.9375    0.9375    0.9375        16
         WORD0389_맞추다     1.0000    0.9286    0.9630        14
        WORD0390_공군본부     1.0000    1.0000    1.0000        10
          WORD0391_공범     1.0000    1.0000    1.0000        21
          WORD0392_동거     1.0000    1.0000    1.0000        28
          WORD0393_공증     1.0000    1.0000    1.0000        15
          WORD0394_과로     1.0000    1.0000    1.0000        12
          WORD0395_실수     1.0000    1.0000    1.0000        18
          WORD0396_회상     1.0000    1.0000    1.0000        19
         WORD0397_과태료     0.8824    1.0000    0.9375        15
          WORD0398_관습     1.0000    1.0000    1.0000        14
          WORD0399_직인     1.0000    1.0000    1.0000        15
        WORD0400_정밀검사     1.0000    1.0000    1.0000        14
          WORD0401_대지     1.0000    1.0000    1.0000        11
          WORD0402_광업     1.0000    1.0000    1.0000        13
        WORD0403_미치광이     1.0000    1.0000    1.0000        15
          WORD0404_강풍     1.0000    1.0000    1.0000        13
          WORD0405_환대     1.0000    1.0000    1.0000        11
          WORD0406_교가     1.0000    0.9231    0.9600        13
          WORD0407_교기     0.9091    1.0000    0.9524        10
          WORD0408_지도     1.0000    1.0000    1.0000        20
          WORD0409_교기     0.8889    1.0000    0.9412        16
          WORD0410_교모     1.0000    1.0000    1.0000        17
         WORD0411_지도법     1.0000    1.0000    1.0000        14
          WORD0412_학습     1.0000    1.0000    1.0000        14
          WORD0413_지도     1.0000    1.0000    1.0000        14
        WORD0414_교육과정     1.0000    1.0000    1.0000        13
         WORD0415_교육청     1.0000    1.0000    1.0000        13
        WORD0416_교사직무     1.0000    1.0000    1.0000        19
         WORD0417_사거리     1.0000    1.0000    1.0000        14
          WORD0418_교탁     1.0000    1.0000    1.0000        15
         WORD0419_구두액     1.0000    1.0000    1.0000        11
          WORD0420_수갑     1.0000    1.0000    1.0000        10
         WORD0421_조직도     1.0000    1.0000    1.0000        10
         WORD0422_국그릇     1.0000    1.0000    1.0000         9
          WORD0423_국기     1.0000    1.0000    1.0000         9
          WORD0424_독립     1.0000    1.0000    1.0000        15
          WORD0425_군가     1.0000    0.9286    0.9630        14
          WORD0426_군마     1.0000    1.0000    1.0000        11
        WORD0427_다섯번째     0.9333    1.0000    0.9655        14
        WORD0428_군비행장     1.0000    1.0000    1.0000        10
         WORD0429_독재자     1.0000    1.0000    1.0000        17
         WORD0430_귀부인     1.0000    1.0000    1.0000        12
         WORD0431_상류층     1.0000    1.0000    1.0000        25
          WORD0432_모범     1.0000    1.0000    1.0000        16
          WORD0433_그날     1.0000    1.0000    1.0000        14
        WORD0434_기초확인     1.0000    1.0000    1.0000        20
          WORD0435_금식     0.9167    1.0000    0.9565        11
          WORD0436_얼마     1.0000    1.0000    1.0000        11
          WORD0437_금연     1.0000    1.0000    1.0000        10
          WORD0438_금욕     1.0000    1.0000    1.0000        15
          WORD0439_금주     1.0000    1.0000    1.0000        17
          WORD0440_불쌍     1.0000    1.0000    1.0000        15
         WORD0441_식도염     1.0000    1.0000    1.0000        17
          WORD0442_신기     1.0000    1.0000    1.0000        18
          WORD0443_신기     1.0000    1.0000    1.0000        15
          WORD0444_기혼     1.0000    1.0000    1.0000        22
         WORD0445_귀중품     1.0000    1.0000    1.0000        17
          WORD0446_길몽     1.0000    1.0000    1.0000        19
          WORD0447_길일     1.0000    1.0000    1.0000        18
          WORD0448_길운     1.0000    1.0000    1.0000        19
        WORD0449_고난이도     1.0000    1.0000    1.0000        20
         WORD0450_비좁다     1.0000    1.0000    1.0000        21
          WORD0451_유언     1.0000    1.0000    1.0000        21
          WORD0452_온실     1.0000    1.0000    1.0000        21
        WORD0453_고난이도     1.0000    1.0000    1.0000        22
         WORD0454_날쎄다     1.0000    1.0000    1.0000        19
          WORD0455_비루     1.0000    0.9333    0.9655        15
        WORD0456_쑥쓰럽다     1.0000    0.9524    0.9756        21
         WORD0457_남성적     1.0000    1.0000    1.0000        16
          WORD0458_내정     1.0000    1.0000    1.0000        15
          WORD0459_능숙     1.0000    1.0000    1.0000        20
          WORD0460_대모     1.0000    1.0000    1.0000        18
          WORD0461_농인     1.0000    1.0000    1.0000        14
          WORD0462_다복     1.0000    1.0000    1.0000        18
       WORD0463_결합을끊다     1.0000    1.0000    1.0000        19
          WORD0464_단명     0.9375    1.0000    0.9677        15
          WORD0465_단문     1.0000    0.9333    0.9655        15
         WORD0466_능력자     1.0000    1.0000    1.0000        19
         WORD0467_곰방대     1.0000    1.0000    1.0000        17
          WORD0468_담당     1.0000    0.9444    0.9714        18
         WORD0469_답안지     1.0000    1.0000    1.0000        19
        WORD0470_책임이사     1.0000    1.0000    1.0000        12
         WORD0471_채용자     1.0000    1.0000    1.0000        10
          WORD0472_대교     1.0000    1.0000    1.0000        16
          WORD0473_대독     1.0000    1.0000    1.0000        18
          WORD0474_대필     1.0000    1.0000    1.0000        19
         WORD0475_대성공     1.0000    1.0000    1.0000        19
        WORD0476_세수대야     1.0000    1.0000    1.0000        19
          WORD0477_확정     1.0000    1.0000    1.0000        12
          WORD0478_면적     1.0000    0.9412    0.9697        17
          WORD0479_회장     1.0000    1.0000    1.0000        12
          WORD0480_품격     1.0000    1.0000    1.0000        16
          WORD0481_도벽     1.0000    1.0000    1.0000        15
       WORD0482_도자기기술     1.0000    1.0000    1.0000        16
          WORD0483_자습     1.0000    1.0000    1.0000        18
         WORD0484_돌기둥     1.0000    1.0000    1.0000        16
         WORD0485_돌다리     1.0000    1.0000    1.0000        21
          WORD0486_돌벽     1.0000    1.0000    1.0000        14
          WORD0487_동갑     1.0000    0.9412    0.9697        17
         WORD0488_동메달     1.0000    1.0000    1.0000        17
        WORD0489_주민센터     1.0000    1.0000    1.0000        17
          WORD0490_독특     1.0000    1.0000    1.0000        13
         WORD0491_무덤덤     1.0000    1.0000    1.0000        17
          WORD0492_뒷산     1.0000    1.0000    1.0000        19
         WORD0493_등록금     1.0000    1.0000    1.0000        15
          WORD0494_담당     1.0000    1.0000    1.0000        13
       WORD0495_생각못하다     0.9375    1.0000    0.9677        15
         WORD0496_주문서     1.0000    1.0000    1.0000        12
         WORD0497_마구간     1.0000    1.0000    1.0000        10
         WORD0498_마술사     1.0000    1.0000    1.0000        14
         WORD0499_마스크     0.9524    1.0000    0.9756        20
       WORD0500_마음에들다     1.0000    1.0000    1.0000        21
          WORD0501_막차     1.0000    1.0000    1.0000        21
          WORD0502_만취     1.0000    1.0000    1.0000        14
        WORD0503_나무기둥     1.0000    1.0000    1.0000        15
          WORD0504_의미     1.0000    1.0000    1.0000        12
          WORD0505_실언     1.0000    1.0000    1.0000        20
       WORD0506_말끼어들기     1.0000    1.0000    1.0000        15
         WORD0507_망아지     1.0000    1.0000    1.0000        16
         WORD0508_무매력     1.0000    1.0000    1.0000        15
          WORD0509_확약     1.0000    1.0000    1.0000        15
        WORD0510_고급지다     1.0000    1.0000    1.0000        21
          WORD0511_맷돌     1.0000    1.0000    1.0000        20
           WORD0512_먹     1.0000    1.0000    1.0000        15
          WORD0513_회원     1.0000    1.0000    1.0000        21
        WORD0514_사라지다     1.0000    1.0000    1.0000        16
          WORD0515_명단     1.0000    1.0000    1.0000        20
          WORD0516_명마     1.0000    1.0000    1.0000        17
          WORD0517_명예     1.0000    1.0000    1.0000        17
         WORD0518_모범생     1.0000    1.0000    1.0000        19
          WORD0519_무례     1.0000    1.0000    1.0000        19
         WORD0520_무법자     1.0000    1.0000    1.0000        15
        WORD0521_무료교육     1.0000    1.0000    1.0000        14
         WORD0522_무의미     1.0000    1.0000    1.0000        16
         WORD0523_무인상     1.0000    0.9375    0.9677        16
          WORD0524_무통     1.0000    1.0000    1.0000        16
         WORD0525_무허가     1.0000    1.0000    1.0000        21
         WORD0526_여배우     1.0000    1.0000    1.0000        14
        WORD0527_문잠그다     1.0000    1.0000    1.0000        18
         WORD0528_문제지     1.0000    1.0000    1.0000        20
        WORD0529_상세검색     1.0000    1.0000    1.0000        15
          WORD0530_묻다     1.0000    1.0000    1.0000        23
          WORD0531_물총     1.0000    1.0000    1.0000        16
          WORD0532_물통     1.0000    1.0000    1.0000        14
          WORD0533_미군     1.0000    1.0000    1.0000        12
          WORD0534_미납     1.0000    0.9444    0.9714        18
          WORD0535_미신     1.0000    1.0000    1.0000        19
         WORD0536_미완성     1.0000    1.0000    1.0000        14
          WORD0537_미행     1.0000    1.0000    1.0000        11
          WORD0538_미혼     1.0000    1.0000    1.0000        24
          WORD0539_밀고     1.0000    1.0000    1.0000        14
         WORD0540_밀거래     1.0000    1.0000    1.0000        22
        WORD0541_밀거래단     1.0000    1.0000    1.0000        19
          WORD0542_밀서     1.0000    1.0000    1.0000        20
         WORD0543_밀거래     1.0000    1.0000    1.0000        18
          WORD0544_밀작     1.0000    1.0000    1.0000        17
          WORD0545_확답     1.0000    1.0000    1.0000        12
          WORD0546_반역     0.9091    1.0000    0.9524        10
          WORD0547_반장     1.0000    1.0000    1.0000        10
          WORD0548_발견     1.0000    1.0000    1.0000         9
         WORD0549_발언권     1.0000    1.0000    1.0000        14
          WORD0550_방식     1.0000    1.0000    1.0000        14
          WORD0551_화실     1.0000    1.0000    1.0000        24
          WORD0552_방음     1.0000    1.0000    1.0000        24
          WORD0553_방직     1.0000    1.0000    1.0000        24
        WORD0554_방직공장     1.0000    1.0000    1.0000        20
        WORD0555_정보차단     1.0000    1.0000    1.0000        16
          WORD0556_방도     1.0000    1.0000    1.0000        24
          WORD0557_위로     1.0000    1.0000    1.0000        16
         WORD0558_견습소     1.0000    1.0000    1.0000        21
          WORD0559_배은     1.0000    0.9524    0.9756        21
          WORD0560_결심     1.0000    1.0000    1.0000        18
        WORD0561_백일잔치     1.0000    1.0000    1.0000        21
        WORD0562_번거롭다     1.0000    1.0000    1.0000        18
        WORD0563_출산증가     1.0000    0.9583    0.9787        24
          WORD0564_베다     1.0000    0.9474    0.9730        19
        WORD0565_벌칙사항     1.0000    1.0000    1.0000        15
          WORD0566_소개     1.0000    1.0000    1.0000        18
          WORD0567_별거     1.0000    1.0000    1.0000        15
          WORD0568_별미     1.0000    1.0000    1.0000        18
          WORD0569_병가     1.0000    1.0000    1.0000        15
          WORD0570_병사     1.0000    1.0000    1.0000        13
        WORD0571_쓰러지다     1.0000    1.0000    1.0000        12
         WORD0572_환자실     1.0000    1.0000    1.0000        14
         WORD0573_병아리     1.0000    1.0000    1.0000        15
          WORD0574_군책     1.0000    1.0000    1.0000        17
        WORD0575_보수교육     1.0000    1.0000    1.0000        15
      WORD0576_보이스카우트     1.0000    1.0000    1.0000        14
         WORD0577_부동산     1.0000    1.0000    1.0000        11
       WORD0578_보건복지부     1.0000    1.0000    1.0000        11
        WORD0579_복지카드     1.0000    1.0000    1.0000        13
          WORD0580_희미     1.0000    1.0000    1.0000        18
          WORD0581_부고     1.0000    1.0000    1.0000        16
         WORD0582_무자유     1.0000    1.0000    1.0000        17
          WORD0583_분담     1.0000    1.0000    1.0000        17
          WORD0584_투쟁     1.0000    0.8947    0.9444        19
        WORD0585_여섯번째     0.9500    1.0000    0.9744        19
         WORD0586_가쁘다     1.0000    0.9500    0.9744        20
         WORD0587_무각오     1.0000    1.0000    1.0000        18
          WORD0588_호명     0.9375    1.0000    0.9677        15
        WORD0589_비교연구     1.0000    1.0000    1.0000        18
       WORD0590_비닐하우스     0.9474    1.0000    0.9730        18
        WORD0591_비인간적     1.0000    1.0000    1.0000        19
        WORD0592_자비없다     1.0000    1.0000    1.0000        16
          WORD0593_예금     1.0000    1.0000    1.0000        19
          WORD0594_공석     1.0000    1.0000    1.0000        15
          WORD0595_완벽     1.0000    1.0000    1.0000        21
          WORD0596_속달     1.0000    1.0000    1.0000        16
         WORD0597_삐치다     1.0000    1.0000    1.0000        14
          WORD0598_사감     1.0000    1.0000    1.0000        13
        WORD0599_형제지간     1.0000    1.0000    1.0000        14
         WORD0600_사냥꾼     1.0000    1.0000    1.0000        14
         WORD0601_겉모습     1.0000    1.0000    1.0000        14
          WORD0602_면제     1.0000    1.0000    1.0000        13
         WORD0603_사모님     1.0000    1.0000    1.0000        14
         WORD0604_복사본     1.0000    1.0000    1.0000        11
         WORD0605_사생활     1.0000    1.0000    1.0000        20
          WORD0606_혈통     1.0000    1.0000    1.0000        16
          WORD0607_사립     1.0000    1.0000    1.0000        18
          WORD0608_친척     1.0000    1.0000    1.0000        22
         WORD0609_사용법     1.0000    1.0000    1.0000        18
         WORD0610_친가족     1.0000    0.9000    0.9474        20
          WORD0611_사인     1.0000    1.0000    1.0000        12
         WORD0612_혈액형     1.0000    1.0000    1.0000        17
         WORD0613_부채질     1.0000    0.9286    0.9630        14
        WORD0614_사진작가     1.0000    1.0000    1.0000        14
          WORD0615_과용     1.0000    1.0000    1.0000        16
        WORD0616_사립학교     1.0000    1.0000    1.0000        19
          WORD0617_사후     1.0000    1.0000    1.0000        16
          WORD0618_삭발     1.0000    1.0000    1.0000        17
         WORD0619_38선     1.0000    1.0000    1.0000        14
          WORD0620_상품     1.0000    1.0000    1.0000        22
           WORD0621_새     1.0000    1.0000    1.0000        17
          WORD0622_새똥     1.0000    1.0000    1.0000        17
          WORD0623_새알     1.0000    1.0000    1.0000        14
          WORD0624_새집     1.0000    1.0000    1.0000        12
          WORD0625_색맹     1.0000    1.0000    1.0000        13
         WORD0626_색연필     1.0000    0.9444    0.9714        18
         WORD0627_색종이     1.0000    1.0000    1.0000        20
     WORD0628_학생생활기록부     1.0000    1.0000    1.0000        16
          WORD0629_혈서     1.0000    1.0000    1.0000        15
         WORD0630_후천적     1.0000    1.0000    1.0000        19
          WORD0631_벨트     0.9048    0.9500    0.9268        20
          WORD0632_맹세     1.0000    1.0000    1.0000        17
         WORD0633_서구식     1.0000    1.0000    1.0000        17
         WORD0634_서울역     1.0000    1.0000    1.0000        19
       WORD0635_헤드라이트     1.0000    1.0000    1.0000        12
          WORD0636_편견     0.9000    0.8182    0.8571        11
          WORD0637_정벌     1.0000    1.0000    1.0000        13
         WORD0638_사납다     1.0000    1.0000    1.0000        14
         WORD0639_섬나라     1.0000    1.0000    1.0000        11
        WORD0640_직무대행     1.0000    1.0000    1.0000        14
          WORD0641_성인     1.0000    1.0000    1.0000        15
          WORD0642_연설     0.9091    1.0000    0.9524        10
         WORD0643_연설문     1.0000    1.0000    1.0000        13
          WORD0644_제사     0.9231    1.0000    0.9600        12
          WORD0645_성씨     1.0000    1.0000    1.0000        12
         WORD0646_성조기     0.9583    1.0000    0.9787        23
         WORD0647_성폭행     1.0000    1.0000    1.0000        19
          WORD0648_세뇌     1.0000    1.0000    1.0000        16
        WORD0649_센티미터     1.0000    1.0000    1.0000        18
         WORD0650_소금물     1.0000    1.0000    1.0000        21
          WORD0651_소복     1.0000    1.0000    1.0000        16
        WORD0652_소화불량     1.0000    1.0000    1.0000        13
         WORD0653_송년회     1.0000    1.0000    1.0000        16
          WORD0654_쇄신     1.0000    1.0000    1.0000        16
         WORD0655_수영장     1.0000    1.0000    1.0000        13
          WORD0656_수재     1.0000    1.0000    1.0000        13
         WORD0657_수저통     1.0000    1.0000    1.0000        16
          WORD0658_숙련     1.0000    1.0000    1.0000        22
        WORD0659_야간경비     1.0000    1.0000    1.0000        21
          WORD0660_순금     1.0000    1.0000    1.0000        17
          WORD0661_순산     1.0000    1.0000    1.0000        19
          WORD0662_술값     1.0000    1.0000    1.0000        15
          WORD0663_술집     1.0000    1.0000    1.0000        16
         WORD0664_숨차다     1.0000    1.0000    1.0000        15
        WORD0665_일곱번째     1.0000    1.0000    1.0000        19
          WORD0666_습자     1.0000    1.0000    1.0000        16
         WORD0667_승마복     1.0000    1.0000    1.0000        22
          WORD0668_승패     1.0000    1.0000    1.0000        20
          WORD0669_시댁     1.0000    1.0000    1.0000        20
        WORD0670_시달리다     1.0000    1.0000    1.0000        14
          WORD0671_시차     1.0000    1.0000    1.0000        14
          WORD0672_첫째     1.0000    1.0000    1.0000        20
        WORD0673_시험감독     1.0000    1.0000    1.0000        13
          WORD0674_선별     1.0000    1.0000    1.0000        17
          WORD0675_신식     1.0000    1.0000    1.0000        11
       WORD0676_신체적장애     1.0000    1.0000    1.0000        16
        WORD0677_신통하다     1.0000    1.0000    1.0000        17
          WORD0678_실명     1.0000    1.0000    1.0000        13
         WORD0679_실생활     1.0000    1.0000    1.0000        17
        WORD0680_여덟번째     1.0000    1.0000    1.0000        15
          WORD0681_증거     1.0000    1.0000    1.0000        12
          WORD0682_실천     1.0000    1.0000    1.0000        14
          WORD0683_공개     1.0000    1.0000    1.0000        15
         WORD0684_괴롭다     1.0000    1.0000    1.0000        12
          WORD0685_논의     1.0000    1.0000    1.0000        13
          WORD0686_쌀값     1.0000    1.0000    1.0000        13
         WORD0687_아끼다     1.0000    1.0000    1.0000        11
          WORD0688_고집     1.0000    1.0000    1.0000        11
          WORD0689_통증     1.0000    1.0000    1.0000        10
          WORD0690_악몽     1.0000    1.0000    1.0000         9
          WORD0691_악습     1.0000    1.0000    1.0000        14
         WORD0692_악영향     1.0000    1.0000    1.0000        11
          WORD0693_악용     1.0000    1.0000    1.0000        15
        WORD0694_나빠지다     1.0000    1.0000    1.0000        12
         WORD0695_안경원     1.0000    1.0000    1.0000        10
         WORD0696_안내원     1.0000    1.0000    1.0000        12
          WORD0697_안위     1.0000    1.0000    1.0000        16
          WORD0698_암살     1.0000    1.0000    1.0000        18
        WORD0699_깜깜하다     1.0000    1.0000    1.0000        12
          WORD0700_압정     1.0000    1.0000    1.0000        18
         WORD0701_애국자     1.0000    1.0000    1.0000        18
        WORD0702_안쓰럽다     1.0000    1.0000    1.0000        19
          WORD0703_애착     1.0000    1.0000    1.0000        16
          WORD0704_애처     1.0000    1.0000    1.0000        12
         WORD0705_야구부     1.0000    1.0000    1.0000        18
          WORD0706_건달     1.0000    1.0000    1.0000        17
          WORD0707_약학     1.0000    1.0000    1.0000        15
        WORD0708_얌전하다     1.0000    1.0000    1.0000        23
          WORD0709_양계     1.0000    1.0000    1.0000        18
          WORD0710_일임     1.0000    1.0000    1.0000        21
         WORD0711_경로당     1.0000    1.0000    1.0000        22
          WORD0712_양서     1.0000    1.0000    1.0000        17
        WORD0713_온순하다     1.0000    1.0000    1.0000        21
          WORD0714_형식     1.0000    1.0000    1.0000        18
         WORD0715_숙녀복     1.0000    1.0000    1.0000        20
          WORD0716_양젖     1.0000    1.0000    1.0000        19
          WORD0717_언약     1.0000    1.0000    1.0000        19
        WORD0718_알록달록     1.0000    1.0000    1.0000        21
          WORD0719_깎다     1.0000    1.0000    1.0000        18
          WORD0720_여공     1.0000    1.0000    1.0000        23
          WORD0721_여군     1.0000    1.0000    1.0000        21
         WORD0722_여대생     1.0000    1.0000    1.0000        13
         WORD0723_여성복     1.0000    1.0000    1.0000        22
        WORD0724_여성학과     1.0000    1.0000    1.0000        18
          WORD0725_여경     1.0000    1.0000    1.0000        16
          WORD0726_여탕     1.0000    1.0000    1.0000        16
        WORD0727_연애편지     1.0000    1.0000    1.0000        16
          WORD0728_연초     1.0000    1.0000    1.0000        16
          WORD0729_연패     1.0000    1.0000    1.0000        17
          WORD0730_연합     1.0000    1.0000    1.0000        14
         WORD0731_연하다     1.0000    1.0000    1.0000        17
         WORD0732_영문법     1.0000    1.0000    1.0000        19
         WORD0733_독보적     1.0000    1.0000    1.0000        15
         WORD0734_일반직     1.0000    1.0000    1.0000        16
          WORD0735_예정     1.0000    1.0000    1.0000        15
         WORD0736_오리알     1.0000    1.0000    1.0000        11
          WORD0737_오산     1.0000    1.0000    1.0000        13
          WORD0738_좋다     1.0000    1.0000    1.0000        14
          WORD0739_순종     1.0000    1.0000    1.0000        12
        WORD0740_황소고집     1.0000    1.0000    1.0000        18
          WORD0741_완납     1.0000    1.0000    1.0000        11
          WORD0742_완료     1.0000    1.0000    1.0000        15
          WORD0743_완패     1.0000    1.0000    1.0000        17
          WORD0744_왕족     1.0000    1.0000    1.0000        11
          WORD0745_천황     1.0000    1.0000    1.0000        17
          WORD0746_의문     1.0000    1.0000    1.0000        14
         WORD0747_외상값     1.0000    1.0000    1.0000        13
         WORD0748_외손녀     1.0000    1.0000    1.0000        14
         WORD0749_외손자     1.0000    1.0000    1.0000        14
          WORD0750_요강     1.0000    1.0000    1.0000        15
         WORD0751_주요점     1.0000    1.0000    1.0000        14
         WORD0752_사용처     1.0000    1.0000    1.0000        16
          WORD0753_용사     1.0000    1.0000    1.0000        14
         WORD0754_큰소리     1.0000    1.0000    1.0000        13
          WORD0755_우물     1.0000    1.0000    1.0000        13
          WORD0756_우승     1.0000    1.0000    1.0000        14
         WORD0757_우승자     1.0000    1.0000    1.0000        16
        WORD0758_아홉번째     1.0000    1.0000    1.0000        16
         WORD0759_열번째     1.0000    1.0000    1.0000        21
        WORD0760_열두번째     1.0000    1.0000    1.0000        20
          WORD0761_위임     1.0000    1.0000    1.0000        15
         WORD0762_유대인     1.0000    1.0000    1.0000        17
          WORD0763_유전     1.0000    1.0000    1.0000        17
         WORD0764_유조선     1.0000    1.0000    1.0000        17
         WORD0765_은신처     1.0000    1.0000    1.0000        18
         WORD0766_응접실     1.0000    1.0000    1.0000        14
          WORD0767_정의     1.0000    1.0000    1.0000        16
          WORD0768_지도     1.0000    1.0000    1.0000        10
         WORD0769_회의록     1.0000    1.0000    1.0000        17
          WORD0770_이의     1.0000    1.0000    1.0000        15
          WORD0771_익명     1.0000    1.0000    1.0000        15
          WORD0772_익사     1.0000    1.0000    1.0000        19
          WORD0773_인력     1.0000    1.0000    1.0000        13
          WORD0774_농부     1.0000    1.0000    1.0000        15
         WORD0775_인사법     1.0000    1.0000    1.0000        14
          WORD0776_인자     1.0000    1.0000    1.0000        18
          WORD0777_인증     1.0000    1.0000    1.0000        16
          WORD0778_인질     1.0000    1.0000    1.0000        12
         WORD0779_일본인     1.0000    0.9286    0.9630        14
        WORD0780_열세번째     1.0000    1.0000    1.0000        11
          WORD0781_자막     1.0000    1.0000    1.0000        15
         WORD0782_자살자     1.0000    1.0000    1.0000        16
          WORD0783_자석     1.0000    1.0000    1.0000        17
         WORD0784_경과실     1.0000    1.0000    1.0000        21
          WORD0785_작명     1.0000    1.0000    1.0000        18
         WORD0786_작업복     1.0000    1.0000    1.0000        14
         WORD0787_장단점     1.0000    1.0000    1.0000        15
        WORD0788_장려하다     1.0000    1.0000    1.0000        15
          WORD0789_옷장     1.0000    1.0000    1.0000        15
       WORD0790_장애인연금     1.0000    1.0000    1.0000        15
      WORD0791_장애아동수당     1.0000    1.0000    1.0000        12
        WORD0792_장애유형     1.0000    1.0000    1.0000        22
   WORD0793_장애인기능경기대회     1.0000    1.0000    1.0000        16
WORD0794_장애인등에대한특수교육법     1.0000    1.0000    1.0000        16
      WORD0795_장애인복지관     1.0000    1.0000    1.0000        14
          WORD0796_장점     1.0000    1.0000    1.0000        16
          WORD0797_장학     1.0000    1.0000    1.0000        14
          WORD0798_재고     1.0000    1.0000    1.0000        15
          WORD0799_목재     1.0000    1.0000    1.0000        12
         WORD0800_재봉틀     1.0000    1.0000    1.0000        15
          WORD0801_복습     1.0000    1.0000    1.0000        14
          WORD0802_재청     1.0000    1.0000    1.0000        11
          WORD0803_무식     1.0000    1.0000    1.0000        16
        WORD0804_저명인사     1.0000    1.0000    1.0000        14
       WORD0805_전기기술자     1.0000    1.0000    1.0000        13
         WORD0806_전기세     1.0000    1.0000    1.0000        15
         WORD0807_전쟁터     1.0000    1.0000    1.0000        13
        WORD0808_전화번호     1.0000    1.0000    1.0000        16
          WORD0809_절수     1.0000    1.0000    1.0000        16
        WORD0810_틀림없다     1.0000    1.0000    1.0000        13
          WORD0811_공식     1.0000    1.0000    1.0000        21
        WORD0812_정신장애     1.0000    1.0000    1.0000        16
          WORD0813_단전     1.0000    1.0000    1.0000        16
          WORD0814_월초     1.0000    1.0000    1.0000        14
          WORD0815_우유     1.0000    1.0000    1.0000        15
          WORD0816_구두     1.0000    1.0000    1.0000        20
        WORD0817_조간신문     1.0000    1.0000    1.0000        16
          WORD0818_조회     1.0000    1.0000    1.0000        15
         WORD0819_졸업장     1.0000    1.0000    1.0000        18
         WORD0820_종소리     1.0000    1.0000    1.0000        18
          WORD0821_종점     1.0000    1.0000    1.0000        20
          WORD0822_주관     1.0000    1.0000    1.0000        18
         WORD0823_주방장     1.0000    1.0000    1.0000        17
        WORD0824_사고방식     1.0000    1.0000    1.0000        20
       WORD0825_알코올중독     1.0000    1.0000    1.0000        15
         WORD0826_준우승     1.0000    1.0000    1.0000        16
          WORD0827_중매     1.0000    1.0000    1.0000        15
          WORD0828_재임     1.0000    1.0000    1.0000        16
          WORD0829_쥐덫     1.0000    1.0000    1.0000        12
         WORD0830_확인서     1.0000    1.0000    1.0000        13
          WORD0831_증원     1.0000    1.0000    1.0000        17
          WORD0832_증인     1.0000    1.0000    1.0000        17
         WORD0833_지급일     1.0000    1.0000    1.0000        22
         WORD0834_총괄자     1.0000    1.0000    1.0000        21
         WORD0835_지팡이     1.0000    1.0000    1.0000        16
          WORD0836_직책     1.0000    1.0000    1.0000        20
          WORD0837_진상     1.0000    1.0000    1.0000        17
          WORD0838_진실     1.0000    1.0000    1.0000        16
        WORD0839_징검다리     1.0000    1.0000    1.0000        16
         WORD0840_가르다     1.0000    1.0000    1.0000        16
          WORD0841_백석     1.0000    1.0000    1.0000        21
         WORD0842_차멀미     1.0000    1.0000    1.0000        17
        WORD0843_복잡하다     1.0000    1.0000    1.0000        13
         WORD0844_참가자     1.0000    0.9545    0.9767        22
          WORD0845_참관     1.0000    1.0000    1.0000        13
          WORD0846_차도     1.0000    1.0000    1.0000        12
        WORD0847_쓸쓸하다     1.0000    1.0000    1.0000        18
          WORD0848_천리     1.0000    1.0000    1.0000        15
          WORD0849_천벌     1.0000    1.0000    1.0000        22
         WORD0850_천연색     1.0000    1.0000    1.0000        17
          WORD0851_철교     1.0000    1.0000    1.0000        15
          WORD0852_철근     1.0000    1.0000    1.0000        22
         WORD0853_철면피     1.0000    1.0000    1.0000        17
          WORD0854_철모     1.0000    1.0000    1.0000        16
          WORD0855_철문     1.0000    1.0000    1.0000        19
          WORD0856_철판     1.0000    1.0000    1.0000        14
        WORD0857_앞서가다     1.0000    1.0000    1.0000        20
          WORD0858_제안     1.0000    1.0000    1.0000        17
        WORD0859_청소당번     1.0000    1.0000    1.0000        14
          WORD0860_청원     1.0000    1.0000    1.0000        12
         WORD0861_청진기     1.0000    1.0000    1.0000        16
          WORD0862_체납     1.0000    1.0000    1.0000        14
          WORD0863_체취     1.0000    1.0000    1.0000        15
          WORD0864_체험     1.0000    1.0000    1.0000        17
         WORD0865_체험담     1.0000    1.0000    1.0000        14
         WORD0866_초대권     1.0000    1.0000    1.0000        14
          WORD0867_초라     1.0000    1.0000    1.0000        13
          WORD0868_초면     1.0000    1.0000    1.0000        13
          WORD0869_초산     1.0000    1.0000    1.0000        18
          WORD0870_초혼     1.0000    1.0000    1.0000        16
          WORD0871_촉진     1.0000    1.0000    1.0000        14
          WORD0872_촛불     1.0000    1.0000    1.0000        20
         WORD0873_총소리     1.0000    1.0000    1.0000        14
          WORD0874_총회     1.0000    1.0000    1.0000        15
          WORD0875_추남     1.0000    1.0000    1.0000        20
          WORD0876_추녀     1.0000    1.0000    1.0000        18
          WORD0877_추수     1.0000    1.0000    1.0000        19
          WORD0878_출석     1.0000    1.0000    1.0000        18
          WORD0879_격노     1.0000    1.0000    1.0000        17
        WORD0880_부추기다     1.0000    1.0000    1.0000        22
          WORD0881_풍성     1.0000    1.0000    1.0000        19
          WORD0882_충성     1.0000    1.0000    1.0000        17
          WORD0883_취객     1.0000    1.0000    1.0000        20
        WORD0884_치과의사     1.0000    1.0000    1.0000        20
         WORD0885_치료제     1.0000    1.0000    1.0000        22
          WORD0886_친자     1.0000    1.0000    1.0000        16
         WORD0887_카지노     1.0000    1.0000    1.0000        17
           WORD0888_칼     1.0000    1.0000    1.0000        18
          WORD0889_칼슘     1.0000    1.0000    1.0000        13
         WORD0890_코코아     1.0000    1.0000    1.0000        17
         WORD0891_콩기름     1.0000    1.0000    1.0000        17
          WORD0892_콩밭     1.0000    1.0000    1.0000        15
          WORD0893_콩잎     1.0000    1.0000    1.0000        21
        WORD0894_군사혁명     1.0000    1.0000    1.0000        20
         WORD0895_키다리     1.0000    1.0000    1.0000        19
        WORD0896_킬로그램     1.0000    1.0000    1.0000        18
        WORD0897_킬로미터     1.0000    1.0000    1.0000        15
         WORD0898_탁구공     1.0000    1.0000    1.0000        18
          WORD0899_탈영     1.0000    1.0000    1.0000        13
          WORD0900_탈환     1.0000    1.0000    1.0000        14
         WORD0901_독서광     1.0000    1.0000    1.0000        17
          WORD0902_탐욕     1.0000    1.0000    1.0000        16
         WORD0903_태극기     1.0000    1.0000    1.0000        18
          WORD0904_총괄     1.0000    1.0000    1.0000        13
         WORD0905_바래다     1.0000    1.0000    1.0000        15
          WORD0906_수감     1.0000    1.0000    1.0000        16
          WORD0907_특권     1.0000    1.0000    1.0000        15
          WORD0908_특명     1.0000    1.0000    1.0000        18
          WORD0909_특선     1.0000    1.0000    1.0000        14
         WORD0910_막히다     1.0000    1.0000    1.0000        12
        WORD0911_건성건성     1.0000    1.0000    1.0000        11
          WORD0912_여분     1.0000    1.0000    1.0000        13
          WORD0913_소심     1.0000    1.0000    1.0000        14
         WORD0914_뽐내다     1.0000    1.0000    1.0000        13
         WORD0915_쇼하다     1.0000    1.0000    1.0000        12
          WORD0916_과시     1.0000    1.0000    1.0000        15
         WORD0917_정성껏     1.0000    1.0000    1.0000        12
        WORD0918_전심전력     1.0000    1.0000    1.0000        10
          WORD0919_적격     1.0000    1.0000    1.0000        11
          WORD0920_추출     1.0000    1.0000    1.0000        10
        WORD0921_드러나다     1.0000    1.0000    1.0000        14
          WORD0922_결점     1.0000    1.0000    1.0000        11
          WORD0923_결점     1.0000    1.0000    1.0000        13
          WORD0924_결점     1.0000    1.0000    1.0000        14
          WORD0925_결점     1.0000    1.0000    1.0000        12
          WORD0926_흠집     1.0000    1.0000    1.0000        14
          WORD0927_불량     1.0000    1.0000    1.0000        14
          WORD0928_계기     1.0000    1.0000    1.0000        18
        WORD0929_걸핏하면     1.0000    1.0000    1.0000        18
          WORD0930_독식     1.0000    1.0000    1.0000        13
         WORD0931_물귀신     1.0000    1.0000    1.0000        20
        WORD0932_매일매일     1.0000    1.0000    1.0000        13
         WORD0933_순식간     1.0000    1.0000    1.0000        15
          WORD0934_촉박     1.0000    1.0000    1.0000        23
         WORD0935_더디다     1.0000    1.0000    1.0000        14
         WORD0936_놓치다     1.0000    1.0000    1.0000        20
          WORD0937_허탕     1.0000    1.0000    1.0000        17
          WORD0938_혹시     1.0000    1.0000    1.0000        15
          WORD0939_밤샘     1.0000    1.0000    1.0000        17
        WORD0940_들어맞다     1.0000    1.0000    1.0000        16
          WORD0941_복귀     1.0000    1.0000    1.0000        16
        WORD0942_학수고대     1.0000    1.0000    1.0000        15
          WORD0943_가다     1.0000    1.0000    1.0000        13
          WORD0944_가다     1.0000    1.0000    1.0000        18
         WORD0945_지름길     1.0000    1.0000    1.0000        21
          WORD0946_가다     1.0000    1.0000    1.0000        16
        WORD0947_사라지다     1.0000    1.0000    1.0000        20
         WORD0948_가깝다     1.0000    1.0000    1.0000        18
          WORD0949_멀다     1.0000    1.0000    1.0000        16
        WORD0950_오래도록     1.0000    1.0000    1.0000        17
          WORD0951_결사     1.0000    1.0000    1.0000        18
        WORD0952_진수성찬     1.0000    1.0000    1.0000        18
        WORD0953_배고프다     1.0000    1.0000    1.0000        14
     WORD0954_입맛에맞지않다     1.0000    1.0000    1.0000        13
          WORD0955_과음     1.0000    1.0000    1.0000        17
        WORD0956_주정뱅이     1.0000    1.0000    1.0000        15
       WORD0957_타이트하다     1.0000    1.0000    1.0000        16
          WORD0958_칩거     1.0000    1.0000    1.0000        15
          WORD0959_대박     1.0000    1.0000    1.0000        17
          WORD0960_저택     1.0000    1.0000    1.0000        12
        WORD0961_궁핍하다     1.0000    1.0000    1.0000        15
          WORD0962_쓰다     1.0000    1.0000    1.0000        18
          WORD0963_옛것     1.0000    1.0000    1.0000        14
        WORD0964_수북하다     1.0000    1.0000    1.0000        10
          WORD0965_회복     1.0000    1.0000    1.0000        12
          WORD0966_녹초     1.0000    1.0000    1.0000        18
        WORD0967_진땀나다     1.0000    1.0000    1.0000        15
        WORD0968_난감하다     1.0000    1.0000    1.0000        12
         WORD0969_마르다     1.0000    1.0000    1.0000        13
          WORD0970_불면     1.0000    1.0000    1.0000        15
          WORD0971_결벽     1.0000    1.0000    1.0000        14
         WORD0972_뙤약볕     1.0000    1.0000    1.0000        14
        WORD0973_못견디다     1.0000    1.0000    1.0000        14
          WORD0974_안심     1.0000    1.0000    1.0000        15
          WORD0975_익숙     1.0000    1.0000    1.0000        17
        WORD0976_이심전심     1.0000    1.0000    1.0000        17
        WORD0977_유명무실     1.0000    1.0000    1.0000        15
          WORD0978_소식     1.0000    1.0000    1.0000        14
         WORD0979_겹치다     1.0000    1.0000    1.0000        17
        WORD0980_첩첩산중     1.0000    1.0000    1.0000        17
        WORD0981_동상이몽     1.0000    1.0000    1.0000        18
        WORD0982_일자무식     1.0000    1.0000    1.0000        14
        WORD0983_싫증나다     1.0000    1.0000    1.0000        16
        WORD0984_일석이조     1.0000    1.0000    1.0000        17
        WORD0985_자승자박     1.0000    1.0000    1.0000        19
          WORD0986_궁지     1.0000    1.0000    1.0000        17
          WORD0987_찰나     1.0000    1.0000    1.0000        20
         WORD0988_순식간     1.0000    1.0000    1.0000        18
         WORD0989_순식간     1.0000    1.0000    1.0000        14
          WORD0990_이미     1.0000    1.0000    1.0000        16
          WORD0991_수포     1.0000    1.0000    1.0000        16
        WORD0992_기세등등     1.0000    1.0000    1.0000        15
        WORD0993_공교롭다     1.0000    1.0000    1.0000        14
          WORD0994_보복     1.0000    1.0000    1.0000        15
         WORD0995_남몰래     1.0000    1.0000    1.0000        15
         WORD0996_근근이     1.0000    1.0000    1.0000        13
         WORD0997_근근이     1.0000    1.0000    1.0000        14
        WORD0998_얻어먹다     1.0000    1.0000    1.0000        11
        WORD0999_황소고집     1.0000    1.0000    1.0000        15
          WORD1000_속다     1.0000    1.0000    1.0000        15
     WORD1001_한국농아인협회     1.0000    1.0000    1.0000        16
     WORD1002_한국농아인협회     1.0000    1.0000    1.0000        16
  WORD1003_서울특별시농아인협회     1.0000    1.0000    1.0000        17
 WORD1004_서울특별시수어통역센터     1.0000    1.0000    1.0000        15
        WORD1005_서울시청     1.0000    1.0000    1.0000        16
       WORD1006_강남구지부     1.0000    1.0000    1.0000        17
   WORD1007_강남구수어통역센터     1.0000    1.0000    1.0000        20
       WORD1008_강동구지부     1.0000    1.0000    1.0000        14
   WORD1009_강동구수어통역센터     1.0000    1.0000    1.0000        15
   WORD1010_강동구주민지원센터     1.0000    1.0000    1.0000        16
       WORD1011_강북구지부     1.0000    1.0000    1.0000        19
   WORD1012_강북구수어통역센터     1.0000    1.0000    1.0000        15
   WORD1013_강북구주민지원센터     1.0000    1.0000    1.0000        13
       WORD1014_강서구지부     1.0000    1.0000    1.0000        15
   WORD1015_강서구수어통역센터     1.0000    1.0000    1.0000        19
   WORD1016_강서구주민지원센터     1.0000    1.0000    1.0000        12
       WORD1017_관악구지부     1.0000    1.0000    1.0000        16
   WORD1018_관악구수어통역센터     1.0000    1.0000    1.0000        14
   WORD1019_관악구주민지원센터     1.0000    1.0000    1.0000        22
       WORD1020_광진구지부     1.0000    1.0000    1.0000        16
   WORD1021_광진구수어통역센터     1.0000    1.0000    1.0000        15
   WORD1022_광진구주민지원센터     1.0000    1.0000    1.0000        15
       WORD1023_구로구지부     1.0000    1.0000    1.0000        18
   WORD1024_구로구수어통역센터     1.0000    1.0000    1.0000        15
   WORD1025_구로구주민지원센터     1.0000    1.0000    1.0000        16
       WORD1026_금천구지부     1.0000    1.0000    1.0000        14
   WORD1027_금천구수어통역센터     1.0000    1.0000    1.0000        16
       WORD1028_노원구지부     1.0000    1.0000    1.0000        15
   WORD1029_노원구수어통역센터     1.0000    1.0000    1.0000        15
   WORD1030_노원구주민지원센터     1.0000    1.0000    1.0000        17
       WORD1031_도봉구지부     1.0000    1.0000    1.0000        13
   WORD1032_도봉구수어통역센터     1.0000    1.0000    1.0000        12
   WORD1033_도봉구주민지원센터     1.0000    1.0000    1.0000        16
      WORD1034_동대문구지부     1.0000    1.0000    1.0000        15
  WORD1035_동대문구수어통역센터     1.0000    1.0000    1.0000        12
  WORD1036_동대문구주민지원센터     1.0000    1.0000    1.0000        17
       WORD1037_동작구지부     1.0000    1.0000    1.0000        15
   WORD1038_동작구수어통역센터     1.0000    1.0000    1.0000        19
   WORD1039_동작구주민지원센터     1.0000    1.0000    1.0000        15
       WORD1040_마포구지부     1.0000    1.0000    1.0000        15
   WORD1041_마포구수어통역센터     1.0000    1.0000    1.0000        15
   WORD1042_마포구주민지원센터     1.0000    1.0000    1.0000        14
      WORD1043_서대문구지부     1.0000    1.0000    1.0000        10
  WORD1044_서대문구수어통역센터     1.0000    1.0000    1.0000        15
  WORD1045_서대문구주민지원센터     1.0000    1.0000    1.0000        17
       WORD1046_서초구지부     1.0000    1.0000    1.0000        15
   WORD1047_서초구수어통역센터     1.0000    1.0000    1.0000        11
   WORD1048_서초구주민지원센터     1.0000    1.0000    1.0000        15
       WORD1049_성동구지부     1.0000    1.0000    1.0000        14
   WORD1050_성동구수어통역센터     1.0000    1.0000    1.0000        12
   WORD1051_성동구주민지원센터     1.0000    1.0000    1.0000        14
       WORD1052_성북구지부     1.0000    1.0000    1.0000        10
   WORD1053_성북구수어통역센터     1.0000    1.0000    1.0000        17
   WORD1054_성북구주민지원센터     1.0000    1.0000    1.0000        12
       WORD1055_송파구지부     1.0000    1.0000    1.0000        15
   WORD1056_송파구수어통역센터     1.0000    1.0000    1.0000        14
   WORD1057_송파구주민지원센터     1.0000    1.0000    1.0000        11
       WORD1058_양천구지부     1.0000    1.0000    1.0000        14
   WORD1059_양천구수어통역센터     1.0000    1.0000    1.0000        13
   WORD1060_양천구주민지원센터     1.0000    1.0000    1.0000        13
      WORD1061_영등포구지부     1.0000    1.0000    1.0000        15
  WORD1062_영등포구수어통역센터     1.0000    1.0000    1.0000        11
  WORD1063_영등포구주민지원센터     1.0000    1.0000    1.0000        14
       WORD1064_용산구지부     1.0000    1.0000    1.0000        13
   WORD1065_용산구수어통역센터     1.0000    1.0000    1.0000        13
   WORD1066_용산구주민지원센터     1.0000    1.0000    1.0000        17
       WORD1067_은평구지부     1.0000    1.0000    1.0000        13
   WORD1068_은평구수어통역센터     1.0000    1.0000    1.0000        15
   WORD1069_은평구주민지원센터     1.0000    1.0000    1.0000        17
       WORD1070_종로구지부     1.0000    1.0000    1.0000        14
   WORD1071_종로구수어통역센터     1.0000    1.0000    1.0000        17
   WORD1072_종로구주민지원센터     1.0000    1.0000    1.0000        16
        WORD1073_중구지부     1.0000    1.0000    1.0000        15
    WORD1074_중구수어통역센터     1.0000    1.0000    1.0000        14
    WORD1075_중구주민지원센터     1.0000    1.0000    1.0000        15
       WORD1076_중랑구지부     1.0000    1.0000    1.0000        13
   WORD1077_중랑구수어통역센터     1.0000    1.0000    1.0000        13
   WORD1078_중랑구주민지원센터     1.0000    1.0000    1.0000        14
  WORD1079_부산광역시농아인협회     1.0000    1.0000    1.0000        14
       WORD1080_금정구지부     1.0000    1.0000    1.0000        14
   WORD1081_금정구수어통역센터     1.0000    1.0000    1.0000        11
   WORD1082_금정구주민지원센터     1.0000    1.0000    1.0000        13
        WORD1083_북구지부     1.0000    1.0000    1.0000        16
    WORD1084_북구수어통역센터     1.0000    1.0000    1.0000        16
    WORD1085_북구주민지원센터     1.0000    1.0000    1.0000        17
       WORD1086_사하구지부     1.0000    1.0000    1.0000        13
   WORD1087_사하구수어통역센터     1.0000    1.0000    1.0000        14
   WORD1088_사하구주민지원센터     1.0000    1.0000    1.0000        21
        WORD1089_서구지부     1.0000    1.0000    1.0000        14
    WORD1090_서구수어통역센터     1.0000    1.0000    1.0000        15
    WORD1091_서구주민지원센터     1.0000    1.0000    1.0000        14
       WORD1092_수영구지부     1.0000    1.0000    1.0000        16
   WORD1093_수영구수어통역센터     1.0000    1.0000    1.0000        19
   WORD1094_수영구주민지원센터     1.0000    1.0000    1.0000        16
     WORD1095_어쩔 수 없다     1.0000    1.0000    1.0000        17
         WORD1096_모르다     1.0000    1.0000    1.0000        15
         WORD1097_불가능     1.0000    1.0000    1.0000        18
  WORD1098_대구광역시농아인협회     1.0000    1.0000    1.0000        16
       WORD1099_달서구지부     1.0000    1.0000    1.0000        18
   WORD1100_달서구수어통역센터     1.0000    1.0000    1.0000        16
         WORD1101_가렵다     1.0000    1.0000    1.0000        17
          WORD1102_답답     1.0000    1.0000    1.0000        18
         WORD1103_설거지     1.0000    1.0000    1.0000        18
          WORD1104_남자     1.0000    1.0000    1.0000        17
          WORD1105_마음     1.0000    1.0000    1.0000        18
          WORD1106_잊다     1.0000    1.0000    1.0000        11
          WORD1107_충분     1.0000    1.0000    1.0000        17
          WORD1108_미남     1.0000    1.0000    1.0000        13
          WORD1109_한명     1.0000    1.0000    1.0000        15
        WORD1110_징그럽다     1.0000    1.0000    1.0000        14
         WORD1111_급하다     1.0000    1.0000    1.0000        15
         WORD1112_던지다     1.0000    1.0000    1.0000        13
          WORD1113_미녀     1.0000    1.0000    1.0000        14
         WORD1114_쌍둥이     1.0000    1.0000    1.0000        17
          WORD1115_건강     1.0000    1.0000    1.0000        17
        WORD1116_어리석다     1.0000    1.0000    1.0000         9
          WORD1117_나이     1.0000    1.0000    1.0000        11
         WORD1118_달래다     1.0000    1.0000    1.0000        17
          WORD1119_집중     1.0000    1.0000    1.0000        14
          WORD1120_자랑     1.0000    1.0000    1.0000        10
           WORD1121_흰     1.0000    1.0000    1.0000        13
        WORD1122_기막히다     1.0000    1.0000    1.0000        14
          WORD1123_불안     1.0000    1.0000    1.0000        13
          WORD1124_밉다     1.0000    1.0000    1.0000        12
         WORD1125_자존심     1.0000    1.0000    1.0000        13
          WORD1126_배려     1.0000    1.0000    1.0000        13
          WORD1127_기분     1.0000    1.0000    1.0000        17
          WORD1128_당황     1.0000    1.0000    1.0000        16
          WORD1129_검사     1.0000    1.0000    1.0000        16
         WORD1130_원하다     1.0000    1.0000    1.0000        16
         WORD1131_미치다     1.0000    1.0000    1.0000        22
          WORD1132_처녀     1.0000    1.0000    1.0000        18
         WORD1133_잘하다     1.0000    1.0000    1.0000        14
         WORD1134_무섭다     1.0000    1.0000    1.0000        15
         WORD1135_빠르다     1.0000    1.0000    1.0000        17
          WORD1136_예민     1.0000    1.0000    1.0000        19
          WORD1137_기술     1.0000    1.0000    1.0000        20
          WORD1138_눕다     1.0000    1.0000    1.0000        15
          WORD1139_믿다     1.0000    1.0000    1.0000        17
         WORD1140_즐겁다     1.0000    1.0000    1.0000        20
          WORD1141_살인     1.0000    1.0000    1.0000        16
         WORD1142_마지막     1.0000    1.0000    1.0000        18
          WORD1143_듣다     1.0000    1.0000    1.0000        15
          WORD1144_생각     1.0000    1.0000    1.0000        16
         WORD1145_예쁘다     1.0000    1.0000    1.0000        16
          WORD1146_인상     1.0000    1.0000    1.0000        22
           WORD1147_팔     1.0000    1.0000    1.0000        19
          WORD1148_서다     1.0000    1.0000    1.0000        18
          WORD1149_오다     1.0000    1.0000    1.0000        12
          WORD1150_적극     1.0000    1.0000    1.0000        20
        WORD1151_섭섭하다     1.0000    1.0000    1.0000        18
         WORD1152_아프다     1.0000    1.0000    1.0000        18
          WORD1153_오줌     1.0000    1.0000    1.0000        14
        WORD1154_깨끗하다     1.0000    0.9375    0.9677        16
        WORD1155_못생기다     1.0000    1.0000    1.0000        16
         WORD1156_나쁘다     1.0000    1.0000    1.0000        20
           WORD1157_나     1.0000    1.0000    1.0000        14
        WORD1158_피곤하다     1.0000    1.0000    1.0000        19
          WORD1159_한숨     1.0000    1.0000    1.0000        13
         WORD1160_때리다     1.0000    1.0000    1.0000        13
          WORD1161_성격     1.0000    1.0000    1.0000        19
          WORD1162_등산     1.0000    1.0000    1.0000        18
          WORD1163_젊다     1.0000    1.0000    1.0000        15
          WORD1164_창백     1.0000    1.0000    1.0000        13
          WORD1165_자유     1.0000    1.0000    1.0000        16
       WORD1166_종아리맞다     1.0000    1.0000    1.0000        20
          WORD1167_성급     1.0000    1.0000    1.0000        14
         WORD1168_바르다     1.0000    1.0000    1.0000        13
          WORD1169_행복     1.0000    1.0000    1.0000        18
         WORD1170_깨물다     1.0000    1.0000    1.0000        14
          WORD1171_떨다     1.0000    1.0000    1.0000        16
          WORD1172_때문     1.0000    1.0000    1.0000        14
          WORD1173_평안     1.0000    1.0000    1.0000        16
          WORD1174_맞다     1.0000    1.0000    1.0000        19
         WORD1175_챔피언     1.0000    1.0000    1.0000        12
          WORD1176_안다     1.0000    1.0000    1.0000        12
          WORD1177_솔직     1.0000    1.0000    1.0000        13
          WORD1178_꼬마     1.0000    1.0000    1.0000        15
          WORD1179_바보     1.0000    1.0000    1.0000        16
          WORD1180_비율     1.0000    1.0000    1.0000        17
           WORD1181_혀     1.0000    1.0000    1.0000        15
          WORD1182_의자     1.0000    1.0000    1.0000        16
          WORD1183_열심     1.0000    1.0000    1.0000        18
        WORD1184_뚱뚱하다     1.0000    1.0000    1.0000        16
          WORD1185_알다     1.0000    1.0000    1.0000        18
          WORD1186_조심     1.0000    1.0000    1.0000        15
          WORD1187_꿇다     1.0000    1.0000    1.0000        14
          WORD1188_차분     1.0000    1.0000    1.0000        17
          WORD1189_아기     1.0000    1.0000    1.0000        23
          WORD1190_방법     1.0000    1.0000    1.0000        16
          WORD1191_좋다     1.0000    1.0000    1.0000        12
          WORD1192_두배     1.0000    1.0000    1.0000        19
          WORD1193_중요     1.0000    1.0000    1.0000        20
          WORD1194_알다     1.0000    1.0000    1.0000        13
          WORD1195_실망     1.0000    1.0000    1.0000        15
          WORD1196_의미     1.0000    1.0000    1.0000        15
        WORD1197_배고프다     1.0000    1.0000    1.0000        16
          WORD1198_욕심     1.0000    1.0000    1.0000        14
          WORD1199_훌륭     1.0000    1.0000    1.0000        17
        WORD1200_배부르다     1.0000    1.0000    1.0000        16
          WORD1201_죄송     1.0000    1.0000    1.0000        15
          WORD1202_추억     1.0000    1.0000    1.0000        17
          WORD1203_변덕     1.0000    1.0000    1.0000        15
          WORD1204_친구     1.0000    1.0000    1.0000        17
         WORD1205_우습다     1.0000    1.0000    1.0000        14
        WORD1206_똑똑하다     1.0000    1.0000    1.0000        16
          WORD1207_이해     1.0000    1.0000    1.0000        17
        WORD1208_애매하다     1.0000    1.0000    1.0000        19
        WORD1209_흔들리다     1.0000    1.0000    1.0000        15
          WORD1210_얼굴     1.0000    1.0000    1.0000        23
         WORD1211_어렵다     1.0000    1.0000    1.0000        17
         WORD1212_지겹다     1.0000    1.0000    1.0000        18
          WORD1213_낳다     1.0000    1.0000    1.0000        17
        WORD1214_망설이다     1.0000    1.0000    1.0000        16
          WORD1215_창피     1.0000    1.0000    1.0000        15
         WORD1216_친하다     1.0000    1.0000    1.0000        15
          WORD1217_희망     1.0000    1.0000    1.0000        16
          WORD1218_하산     1.0000    1.0000    1.0000        17
        WORD1219_냄새맡다     1.0000    1.0000    1.0000        13
         WORD1220_부럽다     1.0000    1.0000    1.0000        20
          WORD1221_행동     1.0000    1.0000    1.0000        17
         WORD1222_힘들다     1.0000    1.0000    1.0000        16
          WORD1223_매력     1.0000    1.0000    1.0000        17
          WORD1224_웃다     1.0000    1.0000    1.0000        17
          WORD1225_전문     1.0000    1.0000    1.0000        20
           WORD1226_손     1.0000    1.0000    1.0000        16
        WORD1227_너그럽다     1.0000    1.0000    1.0000        15
          WORD1228_유식     1.0000    1.0000    1.0000        19
        WORD1229_쓰러지다     1.0000    1.0000    1.0000        18
          WORD1230_질투     1.0000    1.0000    1.0000        19
         WORD1231_나누다     1.0000    1.0000    1.0000        20
          WORD1232_쉽다     1.0000    1.0000    1.0000        19
          WORD1233_평가     1.0000    1.0000    1.0000        18
          WORD1234_의심     1.0000    1.0000    1.0000        20
           WORD1235_코     1.0000    1.0000    1.0000        17
         WORD1236_화나다     1.0000    1.0000    1.0000        17
          WORD1237_이것     1.0000    1.0000    1.0000        16
         WORD1238_짓밟다     1.0000    1.0000    1.0000        19
          WORD1239_콧물     1.0000    1.0000    1.0000        18
         WORD1240_놀라다     1.0000    1.0000    1.0000        16
        WORD1241_머리카락     1.0000    1.0000    1.0000        16
          WORD1242_사람     0.9524    1.0000    0.9756        20
          WORD1243_우유     1.0000    1.0000    1.0000        13
         WORD1244_졸리다     1.0000    1.0000    1.0000        17
         WORD1245_잠자다     1.0000    1.0000    1.0000        15
         WORD1246_뺨맞다     1.0000    1.0000    1.0000        12
          WORD1247_이상     1.0000    1.0000    1.0000        16
          WORD1248_춥다     1.0000    1.0000    1.0000        13
          WORD1249_머리     1.0000    1.0000    1.0000        20
         WORD1250_몰리다     1.0000    1.0000    1.0000        13
          WORD1251_우울     1.0000    1.0000    1.0000        15
          WORD1252_후회     1.0000    1.0000    1.0000        15
           WORD1253_몸     1.0000    1.0000    1.0000        16
       WORD1254_두근거리다     1.0000    1.0000    1.0000        16
          WORD1255_짜증     1.0000    1.0000    1.0000        14
          WORD1256_인격     1.0000    1.0000    1.0000        14
          WORD1257_착각     1.0000    1.0000    1.0000        13
        WORD1258_훑어보다     1.0000    1.0000    1.0000        17
          WORD1259_느낌     1.0000    1.0000    1.0000        16
          WORD1260_빨리     1.0000    1.0000    1.0000        15
          WORD1261_참다     1.0000    1.0000    1.0000        14
           WORD1262_턱     1.0000    1.0000    1.0000        17
          WORD1263_늙다     1.0000    1.0000    1.0000        17
         WORD1264_소극적     1.0000    1.0000    1.0000        15
           WORD1265_털     1.0000    1.0000    1.0000        12
        WORD1266_까다롭다     1.0000    1.0000    1.0000        14
          WORD1267_책임     1.0000    1.0000    1.0000        16
          WORD1268_기름     1.0000    1.0000    1.0000        13
         WORD1269_못하다     1.0000    1.0000    1.0000        13
         WORD1270_엉덩이     1.0000    1.0000    1.0000        13
        WORD1271_부드럽다     1.0000    1.0000    1.0000        13
          WORD1272_뽀뽀     1.0000    1.0000    1.0000        17
        WORD1273_일어나다     1.0000    1.0000    1.0000        15
         WORD1274_달리다     1.0000    1.0000    1.0000        12
          WORD1275_여자     1.0000    1.0000    1.0000        13
          WORD1276_임신     1.0000    1.0000    1.0000        15
          WORD1277_무식     1.0000    1.0000    1.0000        15
          WORD1278_싫다     1.0000    1.0000    1.0000        13
           WORD1279_입     1.0000    1.0000    1.0000        14
          WORD1280_총각     1.0000    1.0000    1.0000        14
          WORD1281_날씬     1.0000    1.0000    1.0000        15
          WORD1282_가능     1.0000    1.0000    1.0000        18
        WORD1283_사라지다     1.0000    1.0000    1.0000        15
        WORD1284_야단치다     1.0000    1.0000    1.0000        16
          WORD1285_재산     1.0000    1.0000    1.0000        15
          WORD1286_다행     1.0000    1.0000    1.0000        20
          WORD1287_갈등     1.0000    1.0000    1.0000        16
          WORD1288_기대     1.0000    1.0000    1.0000        14
          WORD1289_감동     1.0000    1.0000    1.0000        19
          WORD1290_감사     1.0000    1.0000    1.0000        16
          WORD1291_무리     1.0000    1.0000    1.0000        16
          WORD1292_초대     1.0000    1.0000    1.0000        16
          WORD1293_거만     1.0000    1.0000    1.0000        18
          WORD1294_걱정     1.0000    1.0000    1.0000        15
          WORD1295_걷다     1.0000    1.0000    1.0000        11
        WORD1296_게으르다     1.0000    1.0000    1.0000        13
        WORD1297_겨드랑이     1.0000    1.0000    1.0000        18
          WORD1298_결심     1.0000    1.0000    1.0000        13
          WORD1299_겸손     1.0000    1.0000    1.0000        12
          WORD1300_무시     1.0000    1.0000    1.0000        14
        WORD1301_시원하다     1.0000    1.0000    1.0000        22
          WORD1302_남자     1.0000    1.0000    1.0000        13
          WORD1303_기억     1.0000    1.0000    1.0000        19
          WORD1304_부족     1.0000    1.0000    1.0000        13
          WORD1305_두명     1.0000    1.0000    1.0000        12
          WORD1306_세명     1.0000    1.0000    1.0000        15
          WORD1307_네명     1.0000    1.0000    1.0000        17
         WORD1308_다섯명     1.0000    1.0000    1.0000        20
         WORD1309_여섯명     1.0000    1.0000    1.0000        13
         WORD1310_일곱명     1.0000    1.0000    1.0000        10
         WORD1311_여덟명     1.0000    1.0000    1.0000        18
         WORD1312_아홉명     1.0000    1.0000    1.0000        21
          WORD1313_열명     1.0000    1.0000    1.0000        18
         WORD1314_귀엽다     1.0000    1.0000    1.0000        12
        WORD1315_안타깝다     1.0000    1.0000    1.0000        14
       WORD1316_인터체인지     1.0000    1.0000    1.0000        21
        WORD1317_세쌍둥이     1.0000    1.0000    1.0000        21
        WORD1318_네쌍둥이     1.0000    1.0000    1.0000        14
         WORD1319_달래다     1.0000    1.0000    1.0000        15
          WORD1320_집중     1.0000    1.0000    1.0000        16
          WORD1321_검정     1.0000    1.0000    1.0000        21
          WORD1322_빨강     1.0000    1.0000    1.0000        13
          WORD1323_노랑     1.0000    1.0000    1.0000        14
          WORD1324_초록     1.0000    1.0000    1.0000        18
          WORD1325_파랑     1.0000    1.0000    1.0000        16
          WORD1326_충혈     1.0000    1.0000    1.0000        12
          WORD1327_갈색     1.0000    1.0000    1.0000        12
         WORD1328_무지개     1.0000    1.0000    1.0000        14
          WORD1329_분홍     1.0000    1.0000    1.0000        15
          WORD1330_회색     1.0000    1.0000    1.0000        14
       WORD1331_차량번호판     1.0000    1.0000    1.0000        16
          WORD1332_밉다     1.0000    1.0000    1.0000        15
          WORD1333_밉다     1.0000    1.0000    1.0000        16
          WORD1334_배려     1.0000    1.0000    1.0000        16
          WORD1335_배려     1.0000    1.0000    1.0000        15
        WORD1336_잘못하다     1.0000    1.0000    1.0000        11
         WORD1337_느리다     1.0000    1.0000    1.0000        13
         WORD1338_무덤덤     1.0000    1.0000    1.0000        18
          WORD1339_불신     1.0000    1.0000    1.0000        13
        WORD1340_전자기기     1.0000    1.0000    1.0000        13
          WORD1341_살인     1.0000    1.0000    1.0000        12
          WORD1342_왼쪽     1.0000    1.0000    1.0000        13
         WORD1343_오른쪽     0.9474    1.0000    0.9730        18
          WORD1344_서다     1.0000    1.0000    1.0000        10
          WORD1345_가다     1.0000    1.0000    1.0000        15
         WORD1346_귀찮다     1.0000    1.0000    1.0000        18
         WORD1347_귀찮다     1.0000    1.0000    1.0000        13
          WORD1348_대략     1.0000    1.0000    1.0000        13
        WORD1349_간단하다     0.9375    1.0000    0.9677        15
          WORD1350_사기     1.0000    1.0000    1.0000        14
           WORD1351_너     0.9474    1.0000    0.9730        18
           WORD1352_저     1.0000    1.0000    1.0000        13
          WORD1353_당신     1.0000    1.0000    1.0000        18
          WORD1354_너희     1.0000    1.0000    1.0000        22
        WORD1355_째려보다     1.0000    1.0000    1.0000        18
          WORD1356_냄새     1.0000    1.0000    1.0000        17
         WORD1357_때리다     1.0000    1.0000    1.0000        20
          WORD1358_떨다     1.0000    1.0000    1.0000        17
         WORD1359_틀리다     1.0000    1.0000    1.0000        17
        WORD1360_뚱뚱하다     1.0000    1.0000    1.0000        21
        WORD1361_뚱뚱하다     1.0000    1.0000    1.0000        16
          WORD1362_세배     1.0000    1.0000    1.0000        17
          WORD1363_네배     1.0000    1.0000    1.0000        15
         WORD1364_다섯배     0.9444    1.0000    0.9714        17
         WORD1365_여섯배     1.0000    0.9583    0.9787        24
         WORD1366_일곱배     1.0000    1.0000    1.0000        13
         WORD1367_여덟배     1.0000    1.0000    1.0000        15
         WORD1368_아홉배     1.0000    1.0000    1.0000        20
          WORD1369_열배     1.0000    0.9524    0.9756        21
           WORD1370_귀     1.0000    1.0000    1.0000        14
          WORD1371_눈썹     1.0000    1.0000    1.0000        12
           WORD1372_눈     1.0000    1.0000    1.0000        22
          WORD1373_치아     1.0000    1.0000    1.0000        25
          WORD1374_이마     1.0000    1.0000    1.0000        13
           WORD1375_볼     1.0000    1.0000    1.0000        12
           WORD1376_목     1.0000    1.0000    1.0000        19
          WORD1377_자다     1.0000    1.0000    1.0000        20
          WORD1378_자다     1.0000    1.0000    1.0000        14
        WORD1379_일어나다     1.0000    1.0000    1.0000        11
         WORD1380_때리다     1.0000    1.0000    1.0000        11
         WORD1381_괜찮다     1.0000    1.0000    1.0000        17
          WORD1382_덥다     1.0000    1.0000    1.0000        20
        WORD1383_따뜻하다     1.0000    1.0000    1.0000        16
          WORD1384_없다     1.0000    1.0000    1.0000        14
          WORD1385_싫다     1.0000    1.0000    1.0000        15
           WORD1386_몸     1.0000    1.0000    1.0000        21
          WORD1387_초대     1.0000    1.0000    1.0000        18
          WORD1388_초대     1.0000    1.0000    1.0000        19
          WORD1389_걷다     1.0000    1.0000    1.0000        17
          WORD1390_걷다     1.0000    1.0000    1.0000        16
          WORD1391_걷다     1.0000    1.0000    1.0000        19
          WORD1392_걷다     1.0000    1.0000    1.0000        21
          WORD1393_걷다     1.0000    1.0000    1.0000        19
          WORD1394_여자     1.0000    1.0000    1.0000        11
        WORD1395_야단치다     1.0000    1.0000    1.0000        22
        WORD1396_야단치다     1.0000    1.0000    1.0000        16
        WORD1397_째려보다     1.0000    1.0000    1.0000        19
          WORD1398_전문     1.0000    1.0000    1.0000        14
          WORD1399_미소     1.0000    1.0000    1.0000        21
          WORD1400_남녀     1.0000    1.0000    1.0000        14
          WORD1401_남녀     1.0000    1.0000    1.0000        17
         WORD1402_충무로     1.0000    1.0000    1.0000        18
          WORD1403_종각     1.0000    1.0000    1.0000        24
          WORD1404_천호     1.0000    1.0000    1.0000        13
     WORD1405_이화여자대학교     1.0000    1.0000    1.0000        17
        WORD1406_종로3가     1.0000    1.0000    1.0000        23
        WORD1407_종로5가     1.0000    1.0000    1.0000        20
         WORD1408_을지로     1.0000    1.0000    1.0000        17
       WORD1409_을지로3가     1.0000    1.0000    1.0000        18
       WORD1410_을지로4가     1.0000    1.0000    1.0000        18
          WORD1411_강남     1.0000    1.0000    1.0000        17
          WORD1412_삼성     1.0000    1.0000    1.0000        16
        WORD1413_강남구청     0.9375    1.0000    0.9677        15
          WORD1414_강북     1.0000    1.0000    1.0000        15
          WORD1415_강서     1.0000    1.0000    1.0000        20
         WORD1416_까치산     1.0000    1.0000    1.0000        18
          WORD1417_발산     1.0000    1.0000    1.0000        22
          WORD1418_김포     1.0000    1.0000    1.0000        14
          WORD1419_양천     1.0000    1.0000    1.0000        18
        WORD1420_공항시장     1.0000    1.0000    1.0000        22
          WORD1421_관악     1.0000    0.9412    0.9697        17
       WORD1422_서울대학교     1.0000    1.0000    1.0000        19
         WORD1423_아차산     1.0000    1.0000    1.0000        16
      WORD1424_어린이대공원     1.0000    1.0000    1.0000        19
          WORD1425_금천     1.0000    1.0000    1.0000        20
          WORD1426_독산     1.0000    1.0000    1.0000        15
        WORD1427_금천구청     1.0000    1.0000    1.0000        14
          WORD1428_노원     1.0000    1.0000    1.0000        17
         WORD1429_도봉산     1.0000    1.0000    1.0000        13
         WORD1430_청량리     1.0000    1.0000    1.0000        13
         WORD1431_동대문     1.0000    1.0000    1.0000        11
          WORD1432_동작     1.0000    1.0000    1.0000        18
         WORD1433_노량진     1.0000    1.0000    1.0000        15
          WORD1434_마포     1.0000    1.0000    1.0000        13
       WORD1435_홍익대학교     1.0000    1.0000    1.0000        16
         WORD1436_서대문     1.0000    1.0000    1.0000        18
       WORD1437_고속터미널     1.0000    1.0000    1.0000        13
       WORD1438_남부터미널     1.0000    1.0000    1.0000        17
          WORD1439_성동     1.0000    1.0000    1.0000        17
         WORD1440_왕십리     1.0000    1.0000    1.0000        19
         WORD1441_서울숲     1.0000    1.0000    1.0000        15
          WORD1442_성북     1.0000    1.0000    1.0000        14
       WORD1443_고려대학교     1.0000    1.0000    1.0000        21
          WORD1444_송파     1.0000    1.0000    1.0000        20
       WORD1445_종합운동장     1.0000    1.0000    1.0000        13
          WORD1446_잠실     1.0000    1.0000    1.0000        14
          WORD1447_잠실     1.0000    1.0000    1.0000        22
       WORD1448_올림픽공원     1.0000    1.0000    1.0000        14
         WORD1449_영등포     1.0000    1.0000    1.0000        12
       WORD1450_영등포시장     1.0000    1.0000    1.0000        15
         WORD1451_여의도     1.0000    1.0000    1.0000        23
          WORD1452_용산     1.0000    1.0000    1.0000        15
         WORD1453_신용산     1.0000    1.0000    1.0000        15
         WORD1454_이태원     1.0000    1.0000    1.0000        18
         WORD1455_광화문     1.0000    1.0000    1.0000        19
          WORD1456_시청     1.0000    1.0000    1.0000        19
       WORD1457_남대문시장     1.0000    1.0000    1.0000        16
          WORD1458_명동     1.0000    1.0000    1.0000        21
          WORD1459_광주     1.0000    1.0000    1.0000        17
          WORD1460_구리     1.0000    1.0000    1.0000        19
          WORD1461_분당     1.0000    1.0000    1.0000        18
         WORD1462_남양주     1.0000    1.0000    1.0000        15
          WORD1463_성남     1.0000    1.0000    1.0000        17
          WORD1464_하남     1.0000    1.0000    1.0000        16
          WORD1465_과천     1.0000    1.0000    1.0000        13
       WORD1466_서울대공원     0.9375    1.0000    0.9677        15
          WORD1467_광명     1.0000    1.0000    1.0000        19
          WORD1468_군포     1.0000    1.0000    1.0000        14
          WORD1469_부천     1.0000    1.0000    1.0000        14
          WORD1470_시흥     1.0000    1.0000    1.0000        17
          WORD1471_양평     1.0000    1.0000    1.0000        19
          WORD1472_안산     1.0000    1.0000    1.0000        14
          WORD1473_안양     1.0000    1.0000    1.0000        15
       WORD1474_안양대학교     1.0000    1.0000    1.0000        19
          WORD1475_수원     1.0000    1.0000    1.0000        22
          WORD1476_안성     1.0000    1.0000    1.0000        18
       WORD1477_중앙대학교     1.0000    1.0000    1.0000        18
          WORD1478_용인     1.0000    1.0000    1.0000        17
       WORD1479_강남대학교     1.0000    1.0000    1.0000        17
        WORD1480_에버랜드     1.0000    1.0000    1.0000        17
       WORD1481_용인대학교     1.0000    1.0000    1.0000        15
       WORD1482_한국민속촌     1.0000    1.0000    1.0000        12
          WORD1483_이천     1.0000    1.0000    1.0000        12
          WORD1484_평택     1.0000    1.0000    1.0000        15
          WORD1485_화성     1.0000    1.0000    1.0000        11
          WORD1486_고양     1.0000    1.0000    1.0000        12
         WORD1487_동두천     1.0000    1.0000    1.0000        16
          WORD1488_양주     1.0000    1.0000    1.0000        11
          WORD1489_연천     1.0000    1.0000    1.0000        15
          WORD1490_파주     1.0000    1.0000    1.0000        19
          WORD1491_포천     1.0000    1.0000    1.0000        15
          WORD1492_가족     1.0000    1.0000    1.0000        14
          WORD1493_전염     1.0000    1.0000    1.0000        15
      WORD1494_운전면허갱신     1.0000    1.0000    1.0000        18
        WORD1495_차량점검     1.0000    1.0000    1.0000        17
          WORD1496_병원     1.0000    1.0000    1.0000        16
          WORD1497_결혼     1.0000    1.0000    1.0000        15
          WORD1498_경주     1.0000    1.0000    1.0000        16
          WORD1499_이모     1.0000    1.0000    1.0000        17
          WORD1500_고모     1.0000    1.0000    1.0000        18
        WORD1501_운전면허     1.0000    1.0000    1.0000        15
         WORD1502_골키퍼     1.0000    1.0000    1.0000        15
          WORD1503_구경     1.0000    1.0000    1.0000        22
          WORD1504_성토     1.0000    1.0000    1.0000        17
          WORD1505_권투     1.0000    1.0000    1.0000        15
         WORD1506_그립다     1.0000    1.0000    1.0000        17
         WORD1507_키우다     1.0000    1.0000    1.0000        15
           WORD1508_힘     1.0000    1.0000    1.0000        17
        WORD1509_망가지다     1.0000    1.0000    1.0000        13
           WORD1510_꿈     1.0000    1.0000    1.0000        17
          WORD1511_낚시     1.0000    1.0000    1.0000        16
          WORD1512_남매     1.0000    1.0000    1.0000        14
      WORD1513_운전면허정지     1.0000    1.0000    1.0000        15
          WORD1514_노래     1.0000    1.0000    1.0000        15
          WORD1515_놀다     1.0000    1.0000    1.0000        18
          WORD1516_누나     1.0000    1.0000    1.0000        14
          WORD1517_울보     1.0000    1.0000    1.0000        11
         WORD1518_여동생     1.0000    1.0000    1.0000        14
          WORD1519_상처     1.0000    1.0000    1.0000        14
        WORD1520_견제하다     1.0000    1.0000    1.0000        14
          WORD1521_견문     1.0000    1.0000    1.0000        13
           WORD1522_딸     1.0000    1.0000    1.0000        11
          WORD1523_유도     1.0000    1.0000    1.0000        16
          WORD1524_아내     1.0000    1.0000    1.0000        12
         WORD1525_마라톤     1.0000    1.0000    1.0000        17
          WORD1526_장녀     1.0000    1.0000    1.0000        12
          WORD1527_원한     1.0000    1.0000    1.0000        14
          WORD1528_엄마     1.0000    1.0000    1.0000        17
          WORD1529_썩다     1.0000    1.0000    1.0000        14
         WORD1530_바쁘다     1.0000    1.0000    1.0000        13
          WORD1531_남편     1.0000    1.0000    1.0000        14
          WORD1532_버릇     1.0000    1.0000    1.0000        11
           WORD1533_병     1.0000    1.0000    1.0000        14
           WORD1534_밥     1.0000    1.0000    1.0000        13
          WORD1535_부부     1.0000    1.0000    1.0000        13
          WORD1536_붓다     1.0000    1.0000    1.0000        13
           WORD1537_빗     1.0000    1.0000    1.0000        15
          WORD1538_죽다     0.8824    1.0000    0.9375        15
         WORD1539_사진기     1.0000    1.0000    1.0000        16
          WORD1540_생활     1.0000    1.0000    1.0000        14
          WORD1541_성공     1.0000    1.0000    1.0000        14
         WORD1542_자라다     1.0000    1.0000    1.0000        18
          WORD1543_세수     1.0000    1.0000    1.0000        17
          WORD1544_자다     1.0000    1.0000    1.0000        16
          WORD1545_수영     1.0000    1.0000    1.0000        16
        WORD1546_승부차기     1.0000    1.0000    1.0000        17
        WORD1547_시아버지     1.0000    1.0000    1.0000        16
          WORD1548_망신     1.0000    1.0000    1.0000        17
          WORD1549_시집     1.0000    1.0000    1.0000        19
          WORD1550_뚫다     1.0000    1.0000    1.0000        15
          WORD1551_면박     1.0000    1.0000    1.0000        20
          WORD1552_야구     1.0000    1.0000    1.0000        23
        WORD1553_똑똑하다     1.0000    1.0000    1.0000        17
          WORD1554_피곤     1.0000    1.0000    1.0000        19
          WORD1555_양치     1.0000    1.0000    1.0000        16
          WORD1556_오빠     1.0000    1.0000    1.0000        19
          WORD1557_출장     1.0000    1.0000    1.0000        15
          WORD1558_이사     1.0000    1.0000    1.0000        16
       WORD1559_들추어내다     1.0000    1.0000    1.0000        25
         WORD1560_아들딸     1.0000    1.0000    1.0000        15
          WORD1561_자살     1.0000    1.0000    1.0000        19
         WORD1562_8번째     1.0000    1.0000    1.0000        15
          WORD1563_맏형     1.0000    1.0000    1.0000        18
         WORD1564_테니스     1.0000    1.0000    1.0000        21
         WORD1565_할머니     1.0000    1.0000    1.0000        16
        WORD1566_할아버지     1.0000    1.0000    1.0000        18
          WORD1567_조상     1.0000    1.0000    1.0000        21
          WORD1568_조카     1.0000    1.0000    1.0000        14
          WORD1569_중독     1.0000    1.0000    1.0000        15
          WORD1570_연기     1.0000    1.0000    1.0000        13
          WORD1571_치매     1.0000    1.0000    1.0000        16
           WORD1572_탈     1.0000    1.0000    1.0000        18
        WORD1573_흩어지다     0.9444    0.8947    0.9189        19
           WORD1574_형     1.0000    1.0000    1.0000        16
          WORD1575_사별     1.0000    1.0000    1.0000        20
          WORD1576_환자     1.0000    1.0000    1.0000        18
          WORD1577_시작     1.0000    1.0000    1.0000        16
           WORD1578_밖     1.0000    1.0000    1.0000        14
        WORD1579_먹칠하다     1.0000    1.0000    1.0000        18
          WORD1580_견습     1.0000    1.0000    1.0000        21
          WORD1581_시험     1.0000    1.0000    1.0000        18
          WORD1582_고백     1.0000    1.0000    1.0000        15
        WORD1583_째려보다     1.0000    1.0000    1.0000        20
          WORD1584_관계     1.0000    1.0000    1.0000        20
          WORD1585_논란     1.0000    1.0000    1.0000        14
          WORD1586_교제     1.0000    1.0000    1.0000        17
          WORD1587_구걸     1.0000    1.0000    1.0000        17
          WORD1588_구조     1.0000    1.0000    1.0000        25
          WORD1589_부탁     1.0000    1.0000    1.0000        20
           WORD1590_글     1.0000    0.9333    0.9655        15
          WORD1591_대기     1.0000    1.0000    1.0000        23
          WORD1592_회사     1.0000    1.0000    1.0000        22
          WORD1593_기차     1.0000    1.0000    1.0000        13
        WORD1594_거슬리다     1.0000    1.0000    1.0000        20
          WORD1595_단어     1.0000    1.0000    1.0000        14
         WORD1596_심부름     1.0000    1.0000    1.0000        21
          WORD1597_상담     1.0000    1.0000    1.0000        18
          WORD1598_뻔뻔     1.0000    1.0000    1.0000        16
          WORD1599_다리     1.0000    1.0000    1.0000        17
        WORD1600_창피하다     1.0000    1.0000    1.0000        19
   WORD1601_달서구주민지원센터     1.0000    1.0000    1.0000        16
        WORD1602_동구지부     1.0000    1.0000    1.0000        13
    WORD1603_동구수어통역센터     1.0000    1.0000    1.0000        18
    WORD1604_동구주민지원센터     1.0000    1.0000    1.0000        14
       WORD1605_수성구지부     1.0000    1.0000    1.0000        15
   WORD1606_수성구수어통역센터     1.0000    1.0000    1.0000        15
   WORD1607_수성구주민지원센터     1.0000    1.0000    1.0000        15
  WORD1608_인천광역시농아인협회     1.0000    1.0000    1.0000        18
       WORD1609_강화군지부     1.0000    1.0000    1.0000        13
   WORD1610_강화군수어통역센터     1.0000    1.0000    1.0000        18
   WORD1611_강화군주민지원센터     1.0000    1.0000    1.0000        19
       WORD1612_연수구지부     1.0000    1.0000    1.0000        16
   WORD1613_연수구수어통역센터     1.0000    1.0000    1.0000        16
   WORD1614_연수구주민지원센터     1.0000    1.0000    1.0000        16
     WORD1615_대전농아인협회     1.0000    1.0000    1.0000        14
       WORD1616_대덕구지부     1.0000    1.0000    1.0000        17
    WORD1617_대덕수어통역센터     1.0000    1.0000    1.0000        18
   WORD1618_대덕구주민지원센터     1.0000    1.0000    1.0000        19
        WORD1619_서구지부     1.0000    1.0000    1.0000        18
    WORD1620_서구수어통역센터     1.0000    1.0000    1.0000        18
    WORD1621_서구주민지원센터     1.0000    1.0000    1.0000        18
       WORD1622_유성구지부     1.0000    1.0000    1.0000        19
   WORD1623_유성구수어통역센터     1.0000    1.0000    1.0000        12
   WORD1624_유성구주민지원센터     1.0000    1.0000    1.0000        18
        WORD1625_중구지부     1.0000    1.0000    1.0000        21
    WORD1626_중구수어통역센터     1.0000    1.0000    1.0000        16
    WORD1627_중구주민지원센터     1.0000    1.0000    1.0000        17
  WORD1628_광주광역시농아인협회     1.0000    1.0000    1.0000        17
       WORD1629_광산구지부     1.0000    1.0000    1.0000        15
   WORD1630_광산구수어통역센터     1.0000    0.9286    0.9630        14
   WORD1631_광산구주민지원센터     1.0000    1.0000    1.0000        16
        WORD1632_남구지부     1.0000    1.0000    1.0000        14
    WORD1633_남구수어통역센터     1.0000    1.0000    1.0000        16
    WORD1634_남구주민지원센터     1.0000    1.0000    1.0000        17
        WORD1635_관계없다     1.0000    1.0000    1.0000        14
        WORD1636_상관없다     1.0000    1.0000    1.0000        19
          WORD1637_없다     1.0000    1.0000    1.0000        14
  WORD1638_울산광역시농아인협회     1.0000    1.0000    1.0000        14
WORD1639_세종특별자치시농아인협회     1.0000    1.0000    1.0000        16
     WORD1640_경기농아인협회     1.0000    1.0000    1.0000        18
       WORD1641_가평군지부     1.0000    1.0000    1.0000        17
   WORD1642_가평군수어통역센터     1.0000    1.0000    1.0000        16
   WORD1643_가평군주민지원센터     1.0000    1.0000    1.0000        14
       WORD1644_고양시지부     1.0000    1.0000    1.0000        18
   WORD1645_고양시수어통역센터     1.0000    1.0000    1.0000        13
        WORD1646_고양시청     1.0000    1.0000    1.0000        15
       WORD1647_과천시지부     1.0000    1.0000    1.0000        14
   WORD1648_과천시수어통역센터     1.0000    1.0000    1.0000        15
        WORD1649_과천시청     1.0000    1.0000    1.0000        13
       WORD1650_광명시지부     1.0000    1.0000    1.0000        18
   WORD1651_광명시수어통역센터     1.0000    1.0000    1.0000        17
        WORD1652_광명시청     1.0000    1.0000    1.0000        14
       WORD1653_광주시지부     1.0000    1.0000    1.0000        15
   WORD1654_광주시수어통역센터     1.0000    1.0000    1.0000        16
        WORD1655_광주시청     1.0000    1.0000    1.0000        18
       WORD1656_구리시지부     1.0000    1.0000    1.0000        14
   WORD1657_구리시수어통역센터     1.0000    1.0000    1.0000        12
        WORD1658_구리시청     1.0000    1.0000    1.0000        14
       WORD1659_군포시지부     1.0000    1.0000    1.0000        17
   WORD1660_군포시수어통역센터     1.0000    1.0000    1.0000        15
        WORD1661_군포시청     0.9375    1.0000    0.9677        15
       WORD1662_김포시지부     1.0000    1.0000    1.0000        19
   WORD1663_김포시수어통역센터     1.0000    1.0000    1.0000        16
        WORD1664_김포시청     1.0000    1.0000    1.0000        14
      WORD1665_남양주시지부     1.0000    1.0000    1.0000        19
  WORD1666_남양주시수어통역센터     1.0000    1.0000    1.0000        14
       WORD1667_남양주시청     1.0000    1.0000    1.0000        15
      WORD1668_동두천시지부     1.0000    1.0000    1.0000        14
  WORD1669_동두천시수어통역센터     1.0000    1.0000    1.0000        16
       WORD1670_동두천시청     1.0000    1.0000    1.0000        14
       WORD1671_부천시지부     1.0000    1.0000    1.0000        16
   WORD1672_부천시수어통역센터     1.0000    1.0000    1.0000        13
        WORD1673_부천시청     1.0000    1.0000    1.0000        19
       WORD1674_성남시지부     1.0000    1.0000    1.0000        12
   WORD1675_성남시수어통역센터     1.0000    1.0000    1.0000        14
        WORD1676_성남시청     1.0000    1.0000    1.0000        12
       WORD1677_안성시지부     1.0000    1.0000    1.0000        15
   WORD1678_안성시수어통역센터     1.0000    1.0000    1.0000        18
        WORD1679_안성시청     1.0000    1.0000    1.0000        17
       WORD1680_안양시지부     1.0000    1.0000    1.0000        13
   WORD1681_안양시수어통역센터     1.0000    1.0000    1.0000        12
        WORD1682_안양시청     1.0000    1.0000    1.0000        16
       WORD1683_양주시지부     1.0000    1.0000    1.0000        16
   WORD1684_양주시수어통역센터     1.0000    1.0000    1.0000        16
        WORD1685_양주시청     1.0000    1.0000    1.0000        15
       WORD1686_양평군지부     1.0000    1.0000    1.0000        20
   WORD1687_양평군수어통역센터     1.0000    1.0000    1.0000        15
   WORD1688_양평군주민지원센터     1.0000    1.0000    1.0000        15
       WORD1689_여주시지부     1.0000    1.0000    1.0000        16
   WORD1690_여주시수어통역센터     1.0000    1.0000    1.0000        12
        WORD1691_여주시청     1.0000    1.0000    1.0000        14
       WORD1692_연천군지부     1.0000    1.0000    1.0000        16
   WORD1693_연천군수어통역센터     1.0000    1.0000    1.0000        13
   WORD1694_연천군주민지원센터     1.0000    1.0000    1.0000        16
       WORD1695_오산시지부     1.0000    1.0000    1.0000        14
   WORD1696_오산시수어통역센터     1.0000    1.0000    1.0000        14
       WORD1697_오산시시청     1.0000    1.0000    1.0000        14
       WORD1698_용인시지부     0.8333    1.0000    0.9091        10
   WORD1699_용인시수어통역센터     1.0000    1.0000    1.0000        16
        WORD1700_용인시청     1.0000    1.0000    1.0000        15
       WORD1701_의왕시지부     0.9412    1.0000    0.9697        16
   WORD1702_의왕시수어통역센터     1.0000    0.9375    0.9677        16
        WORD1703_의왕시청     1.0000    1.0000    1.0000        16
      WORD1704_의정부시지부     1.0000    1.0000    1.0000        14
  WORD1705_의정부시수어통역센터     1.0000    1.0000    1.0000        12
       WORD1706_의정부시청     1.0000    1.0000    1.0000        14
       WORD1707_이천시지부     1.0000    1.0000    1.0000        14
   WORD1708_이천시수어통역센터     1.0000    0.9333    0.9655        15
        WORD1709_이천시청     1.0000    1.0000    1.0000        17
       WORD1710_파주시지부     1.0000    0.9231    0.9600        13
   WORD1711_파주시수어통역센터     1.0000    1.0000    1.0000        17
        WORD1712_파주시청     1.0000    1.0000    1.0000        13
       WORD1713_평택시지부     0.9333    1.0000    0.9655        14
   WORD1714_평택시수어통역센터     1.0000    1.0000    1.0000        12
        WORD1715_평택시청     1.0000    1.0000    1.0000        17
       WORD1716_포천시지부     1.0000    1.0000    1.0000        16
   WORD1717_포천시수어통역센터     1.0000    1.0000    1.0000        16
        WORD1718_포천시청     1.0000    1.0000    1.0000        19
       WORD1719_하남시지부     1.0000    1.0000    1.0000        17
   WORD1720_하남시수어통역센터     0.9375    1.0000    0.9677        15
        WORD1721_하남시청     1.0000    0.9375    0.9677        16
       WORD1722_화성시지부     1.0000    0.9286    0.9630        14
   WORD1723_화성시수어통역센터     1.0000    1.0000    1.0000        18
        WORD1724_화성시청     1.0000    1.0000    1.0000        12
    WORD1725_강원도농아인협회     1.0000    0.9412    0.9697        17
       WORD1726_강릉시지부     1.0000    0.9375    0.9677        16
   WORD1727_강릉시수어통역센터     1.0000    1.0000    1.0000        16
        WORD1728_강릉시청     1.0000    1.0000    1.0000        21
        WORD1729_고성지부     0.9333    1.0000    0.9655        14
   WORD1730_고성시수어통역센터     1.0000    1.0000    1.0000        21
        WORD1731_재미없다     1.0000    1.0000    1.0000        18
       WORD1732_동해시지부     1.0000    1.0000    1.0000        13
   WORD1733_동해시수어통역센터     1.0000    0.9333    0.9655        15
        WORD1734_동해시청     1.0000    1.0000    1.0000        15
       WORD1735_삼척시지부     1.0000    0.9333    0.9655        15
   WORD1736_삼척시수어통역센터     1.0000    1.0000    1.0000        14
        WORD1737_삼척시청     1.0000    1.0000    1.0000        16
       WORD1738_속초시지부     0.9444    1.0000    0.9714        17
   WORD1739_속초시수어통역센터     1.0000    1.0000    1.0000        16
        WORD1740_속초시청     1.0000    0.9231    0.9600        13
       WORD1741_양양군지부     1.0000    1.0000    1.0000        16
   WORD1742_양양군수어통역센터     1.0000    1.0000    1.0000        18
   WORD1743_양양군주민지원센터     1.0000    1.0000    1.0000        15
       WORD1744_영월군지부     1.0000    1.0000    1.0000        12
   WORD1745_영월군수어통역센터     1.0000    1.0000    1.0000        20
   WORD1746_영월군주민지원센터     1.0000    1.0000    1.0000        13
       WORD1747_원주시지부     0.9444    1.0000    0.9714        17
   WORD1748_원주시수어통역센터     1.0000    1.0000    1.0000        16
        WORD1749_원주시청     0.9412    1.0000    0.9697        16
          WORD1750_비다     1.0000    1.0000    1.0000        14
        WORD1751_솜씨없다     1.0000    1.0000    1.0000        15
         WORD1752_무소유     1.0000    1.0000    1.0000        19
       WORD1753_철원군지부     1.0000    1.0000    1.0000        16
   WORD1754_철원군수어통역센터     1.0000    1.0000    1.0000        14
   WORD1755_철원군주민지원센터     1.0000    1.0000    1.0000        20
       WORD1756_춘천시지부     1.0000    1.0000    1.0000        14
   WORD1757_춘천시수어통역센터     1.0000    1.0000    1.0000        16
        WORD1758_춘천시청     1.0000    1.0000    1.0000        15
         WORD1759_더디다     1.0000    1.0000    1.0000        17
        WORD1760_한눈팔다     1.0000    1.0000    1.0000        16
          WORD1761_건성     1.0000    1.0000    1.0000        14
        WORD1762_평창지부     1.0000    0.9333    0.9655        15
   WORD1763_평창군수어통역센터     1.0000    1.0000    1.0000        15
   WORD1764_평창군주민지원센터     1.0000    1.0000    1.0000        15
       WORD1765_홍천군지부     1.0000    1.0000    1.0000        20
   WORD1766_홍천군수어통역센터     1.0000    1.0000    1.0000        14
   WORD1767_홍천군주민지원센터     1.0000    1.0000    1.0000        14
       WORD1768_화천군지부     1.0000    1.0000    1.0000        15
   WORD1769_화천군수어통역센터     0.9412    0.9412    0.9412        17
   WORD1770_화천군주민지원센터     1.0000    1.0000    1.0000        20
       WORD1771_횡성군지부     1.0000    0.9333    0.9655        15
   WORD1772_횡성군수어통역센터     0.9412    1.0000    0.9697        16
   WORD1773_횡성군주민지원센터     1.0000    0.9474    0.9730        19
     WORD1774_충북농아인협회     1.0000    1.0000    1.0000        17
       WORD1775_괴산군지부     0.8667    1.0000    0.9286        13
   WORD1776_괴산군수어통역센터     1.0000    1.0000    1.0000        19
   WORD1777_괴산군주민지원센터     0.9333    1.0000    0.9655        14
       WORD1778_단양군지부     1.0000    1.0000    1.0000        19
   WORD1779_단양군수어통역센터     1.0000    1.0000    1.0000        18
   WORD1780_단양군주민지원센터     1.0000    1.0000    1.0000        17
       WORD1781_보은군지부     0.9375    1.0000    0.9677        15
   WORD1782_보은군수어통역센터     1.0000    1.0000    1.0000        15
   WORD1783_보은군주민지원센터     1.0000    1.0000    1.0000        16
       WORD1784_영동군지부     1.0000    1.0000    1.0000        19
   WORD1785_영동군수어통역센터     1.0000    1.0000    1.0000        13
   WORD1786_영동군주민지원센터     1.0000    1.0000    1.0000        21
       WORD1787_옥천군지부     1.0000    1.0000    1.0000        19
   WORD1788_옥천군수어통역센터     1.0000    1.0000    1.0000        15
   WORD1789_옥천군주민지원센터     1.0000    1.0000    1.0000        19
       WORD1790_제천시지부     1.0000    0.9412    0.9697        17
   WORD1791_제천시수어통역센터     0.9524    1.0000    0.9756        20
        WORD1792_제천시청     1.0000    1.0000    1.0000        12
       WORD1793_진천군지부     1.0000    1.0000    1.0000        17
   WORD1794_진천군수어통역센터     1.0000    1.0000    1.0000        17
   WORD1795_진천군주민지원센터     1.0000    0.9375    0.9677        16
       WORD1796_청주시지부     1.0000    1.0000    1.0000        13
   WORD1797_청주시수어통역센터     1.0000    0.9474    0.9730        19
        WORD1798_청주시청     1.0000    1.0000    1.0000        11
       WORD1799_충주시지부     1.0000    1.0000    1.0000        23
   WORD1800_충주시수어통역센터     1.0000    1.0000    1.0000        12
        WORD1801_충주시청     1.0000    1.0000    1.0000        16
     WORD1802_충남농아인협회     1.0000    1.0000    1.0000        14
       WORD1803_천안시지부     1.0000    1.0000    1.0000        15
   WORD1804_천안시수어통역센터     1.0000    1.0000    1.0000        15
        WORD1805_천안시청     1.0000    1.0000    1.0000        15
       WORD1806_공주시지부     1.0000    1.0000    1.0000        12
   WORD1807_공주시수어통역센터     1.0000    1.0000    1.0000        25
        WORD1808_공주시청     1.0000    0.9286    0.9630        14
         WORD1809_9번째     1.0000    1.0000    1.0000        15
        WORD1810_10번째     1.0000    1.0000    1.0000        12
        WORD1811_12번째     1.0000    1.0000    1.0000        17
       WORD1812_논산시지부     1.0000    0.9286    0.9630        14
   WORD1813_논산시수어통역센터     0.9375    1.0000    0.9677        15
        WORD1814_논산시청     1.0000    1.0000    1.0000        15
       WORD1815_당진시지부     1.0000    1.0000    1.0000        13
   WORD1816_당진시수어통역센터     1.0000    1.0000    1.0000        11
        WORD1817_당진시청     1.0000    1.0000    1.0000        18
       WORD1818_보령시지부     1.0000    1.0000    1.0000        15
    WORD1819_보령수어통역센터     1.0000    1.0000    1.0000        11
        WORD1820_보령시청     1.0000    0.9375    0.9677        16
       WORD1821_부여군지부     1.0000    1.0000    1.0000        19
   WORD1822_부여군수어통역센터     1.0000    1.0000    1.0000        16
   WORD1823_부여군주민지원센터     1.0000    1.0000    1.0000        16
       WORD1824_서산시지부     1.0000    1.0000    1.0000        14
   WORD1825_서산시수어통역센터     1.0000    1.0000    1.0000        17
        WORD1826_서산시청     0.9375    1.0000    0.9677        15
       WORD1827_서천군지부     1.0000    1.0000    1.0000        17
   WORD1828_서천군수어통역센터     1.0000    1.0000    1.0000        19
   WORD1829_서천군주민지원센터     1.0000    1.0000    1.0000        14
       WORD1830_아산시지부     1.0000    1.0000    1.0000        17
   WORD1831_아산시수어통역센터     1.0000    1.0000    1.0000        16
        WORD1832_아산시청     0.9167    1.0000    0.9565        11
       WORD1833_예산군지부     1.0000    1.0000    1.0000        22
   WORD1834_예산군수어통역센터     1.0000    1.0000    1.0000        14
   WORD1835_예산군주민지원센터     1.0000    0.9375    0.9677        16
       WORD1836_청양군지부     1.0000    1.0000    1.0000        18
   WORD1837_청양군수어통역센터     1.0000    1.0000    1.0000        19
   WORD1838_청양군주민지원센터     1.0000    1.0000    1.0000        17
       WORD1839_태안군지부     1.0000    1.0000    1.0000        16
   WORD1840_태안군수어통역센터     1.0000    1.0000    1.0000        15
   WORD1841_태안군주민지원센터     1.0000    0.9375    0.9677        16
       WORD1842_홍성군지부     1.0000    0.9412    0.9697        17
   WORD1843_홍성군수어통역센터     1.0000    1.0000    1.0000        16
   WORD1844_홍성군주민지원센터     1.0000    1.0000    1.0000        20
     WORD1845_전북농아인협회     1.0000    1.0000    1.0000        16
       WORD1846_고창군지부     1.0000    1.0000    1.0000        20
   WORD1847_고창군수어통역센터     1.0000    1.0000    1.0000        11
   WORD1848_고창군주민지원센터     1.0000    1.0000    1.0000        17
       WORD1849_군산시지부     1.0000    1.0000    1.0000        15
   WORD1850_군산시수어통역센터     1.0000    1.0000    1.0000        16
        WORD1851_군산시청     1.0000    1.0000    1.0000        14
       WORD1852_김제시지부     0.9474    1.0000    0.9730        18
   WORD1853_김제시수어통역센터     0.9333    1.0000    0.9655        14
        WORD1854_김제시청     1.0000    1.0000    1.0000        17
       WORD1855_남원시지부     1.0000    0.9286    0.9630        14
        WORD1856_군산시청     0.9412    1.0000    0.9697        16
        WORD1857_남원시청     1.0000    1.0000    1.0000        12
       WORD1858_무주군지부     1.0000    1.0000    1.0000        14
   WORD1859_무주군수어통역센터     1.0000    1.0000    1.0000        19
   WORD1860_무주군주민지원센터     1.0000    1.0000    1.0000        13
       WORD1861_부안군지부     1.0000    1.0000    1.0000        12
   WORD1862_부안군수어통역센터     1.0000    0.9375    0.9677        16
   WORD1863_부안군주민지원센터     1.0000    0.9333    0.9655        15
       WORD1864_순창군지부     1.0000    1.0000    1.0000        14
   WORD1865_순창군주민지원센터     1.0000    1.0000    1.0000        12
   WORD1866_순창군주민지원센터     0.9375    1.0000    0.9677        15
       WORD1867_완주군지부     1.0000    1.0000    1.0000        16
   WORD1868_완주군수어통역센터     1.0000    1.0000    1.0000        14
   WORD1869_완주군주민지원센터     1.0000    0.9375    0.9677        16
       WORD1870_익산시지부     1.0000    1.0000    1.0000        16
   WORD1871_익산시수어통역센터     1.0000    1.0000    1.0000        17
        WORD1872_익산시청     0.9444    1.0000    0.9714        17
       WORD1873_임실군지부     1.0000    1.0000    1.0000        14
   WORD1874_임실군수어통역센터     0.9412    1.0000    0.9697        16
   WORD1875_임실군주민지원센터     0.8333    1.0000    0.9091        15
        WORD1876_빈털터리     1.0000    1.0000    1.0000        17
        WORD1877_평가하다     1.0000    1.0000    1.0000        14
         WORD1878_불가능     1.0000    1.0000    1.0000        17
       WORD1879_전주시지부     1.0000    1.0000    1.0000        16
   WORD1880_전주시수어통역센터     1.0000    1.0000    1.0000        16
        WORD1881_전주시청     0.9545    1.0000    0.9767        21
     WORD1882_전남농아인협회     1.0000    0.9286    0.9630        14
       WORD1883_강진군지부     1.0000    1.0000    1.0000        17
   WORD1884_강진군수어통역센터     0.9444    1.0000    0.9714        17
   WORD1885_강진군주민지원센터     1.0000    1.0000    1.0000        13
       WORD1886_고흥군지부     1.0000    1.0000    1.0000        16
   WORD1887_고흥군수어통역센터     1.0000    1.0000    1.0000        18
   WORD1888_고흥군주민지원센터     1.0000    1.0000    1.0000        14
       WORD1889_곡성군지부     1.0000    1.0000    1.0000        18
   WORD1890_곡성군수어통역센터     1.0000    1.0000    1.0000        22
   WORD1891_곡성군주민지원센터     1.0000    1.0000    1.0000        20
       WORD1892_광양군지부     1.0000    0.9412    0.9697        17
   WORD1893_광양군수어통역센터     1.0000    1.0000    1.0000        14
   WORD1894_광양군주민지원센터     1.0000    1.0000    1.0000        16
       WORD1895_나주시지부     1.0000    1.0000    1.0000        15
   WORD1896_나주시수어통역센터     1.0000    1.0000    1.0000        17
        WORD1897_나주시청     1.0000    0.9375    0.9677        16
       WORD1898_목포시지부     1.0000    1.0000    1.0000        14
   WORD1899_목포시수어통역센터     1.0000    0.9412    0.9697        17
        WORD1900_목포시청     0.9524    1.0000    0.9756        20
       WORD1901_무안군지부     1.0000    1.0000    1.0000        14
   WORD1902_무안군수어통역센터     1.0000    1.0000    1.0000        13
   WORD1903_무안군주민지원센터     1.0000    0.9286    0.9630        14
       WORD1904_보성군지부     0.9444    1.0000    0.9714        17
   WORD1905_보성군수어통역센터     1.0000    1.0000    1.0000        13
   WORD1906_보성군주민지원센터     1.0000    1.0000    1.0000        14
       WORD1907_순천시지부     1.0000    1.0000    1.0000        12
   WORD1908_순천시수어통역센터     1.0000    1.0000    1.0000        15
        WORD1909_순천시청     1.0000    1.0000    1.0000        14
       WORD1910_신안군지부     0.9412    1.0000    0.9697        16
   WORD1911_신안군수어통역센터     1.0000    1.0000    1.0000        18
   WORD1912_신안군주민지원센터     1.0000    1.0000    1.0000        11
       WORD1913_여수시지부     1.0000    1.0000    1.0000        15
   WORD1914_여수시수어통역센터     0.9444    1.0000    0.9714        17
        WORD1915_여수시청     1.0000    1.0000    1.0000        16
       WORD1916_영광군지부     1.0000    1.0000    1.0000        17
   WORD1917_영광군수어통역센터     1.0000    1.0000    1.0000        12
   WORD1918_영광군주민지원센터     1.0000    1.0000    1.0000        17
       WORD1919_영암군지부     1.0000    1.0000    1.0000        17
   WORD1920_영암군수어통역센터     1.0000    1.0000    1.0000        21
   WORD1921_영암군주민지원센터     1.0000    1.0000    1.0000        12
         WORD1922_불필요     1.0000    1.0000    1.0000        15
       WORD1923_하는수없다     1.0000    1.0000    1.0000        16
         WORD1924_맛없다     1.0000    1.0000    1.0000        16
       WORD1925_장흥군지부     0.9091    1.0000    0.9524        20
   WORD1926_장흥군수어통역센터     1.0000    1.0000    1.0000        17
   WORD1927_장흥군주민지원센터     1.0000    1.0000    1.0000        13
       WORD1928_진도군지부     1.0000    1.0000    1.0000        16
   WORD1929_진도군수어통역센터     0.9231    1.0000    0.9600        12
   WORD1930_진도군주민지원센터     1.0000    1.0000    1.0000        13
       WORD1931_해남군지부     1.0000    1.0000    1.0000        15
   WORD1932_해남군수어통역센터     1.0000    1.0000    1.0000        15
   WORD1933_해남군주민지원센터     1.0000    1.0000    1.0000        15
     WORD1934_경북농아인협회     1.0000    1.0000    1.0000        13
       WORD1935_경산시지부     1.0000    1.0000    1.0000        19
   WORD1936_경산시수어통역센터     1.0000    1.0000    1.0000        15
        WORD1937_경산시청     1.0000    1.0000    1.0000        14
       WORD1938_경주시지부     1.0000    1.0000    1.0000        12
   WORD1939_경주시수어통역센터     1.0000    1.0000    1.0000        16
        WORD1940_경주시청     1.0000    1.0000    1.0000        13
       WORD1941_고령군지부     1.0000    1.0000    1.0000        14
   WORD1942_고령군수어통역센터     1.0000    1.0000    1.0000        18
   WORD1943_고령군주민지원센터     1.0000    1.0000    1.0000        14
       WORD1944_구미시지부     1.0000    1.0000    1.0000        18
   WORD1945_구미시수어통역센터     1.0000    1.0000    1.0000        23
        WORD1946_구미시청     1.0000    1.0000    1.0000        11
       WORD1947_군위군지부     1.0000    1.0000    1.0000        14
   WORD1948_군위군수어통역센터     0.9375    1.0000    0.9677        15
    WORD1949_군위주민지원센터     1.0000    1.0000    1.0000        15
       WORD1950_김천시지부     1.0000    1.0000    1.0000        19
   WORD1951_김천시수어통역센터     1.0000    1.0000    1.0000        15
          WORD1952_아하     1.0000    1.0000    1.0000        19
       WORD1953_문경시지부     1.0000    1.0000    1.0000        16
   WORD1954_문경시수어통역센터     1.0000    1.0000    1.0000        18
        WORD1955_문경시청     1.0000    1.0000    1.0000        18
       WORD1956_봉화군지부     1.0000    0.9286    0.9630        14
   WORD1957_봉화군수어통역센터     1.0000    1.0000    1.0000        15
   WORD1958_봉화군주민지원센터     1.0000    1.0000    1.0000        14
       WORD1959_상주시지부     1.0000    1.0000    1.0000        12
   WORD1960_상주시수어통역센터     1.0000    1.0000    1.0000        19
        WORD1961_상주시청     1.0000    1.0000    1.0000        18
       WORD1962_성주시지부     1.0000    0.9500    0.9744        20
   WORD1963_성주시수어통역센터     1.0000    0.9474    0.9730        19
        WORD1964_성주시청     0.9500    1.0000    0.9744        19
       WORD1965_안동시지부     0.9333    1.0000    0.9655        14
   WORD1966_안동시수어통역센터     0.9412    1.0000    0.9697        16
        WORD1967_안동시청     1.0000    1.0000    1.0000        14
       WORD1968_영덕군지부     1.0000    1.0000    1.0000        15
   WORD1969_영덕군수어통역센터     1.0000    1.0000    1.0000        14
   WORD1970_영덕군주민지원센터     1.0000    1.0000    1.0000        15
       WORD1971_영양군지부     1.0000    1.0000    1.0000        16
   WORD1972_영양군수어통역센터     1.0000    1.0000    1.0000        21
   WORD1973_영양군주민지원센터     0.9231    1.0000    0.9600        12
       WORD1974_영주시지부     1.0000    1.0000    1.0000        19
   WORD1975_영주시수어통역센터     1.0000    1.0000    1.0000        16
        WORD1976_영주시청     1.0000    1.0000    1.0000        17
       WORD1977_영천시지부     1.0000    1.0000    1.0000        17
   WORD1978_영천시수어통역센터     1.0000    1.0000    1.0000        12
        WORD1979_영천시청     1.0000    1.0000    1.0000        12
       WORD1980_예천군지부     1.0000    1.0000    1.0000        14
   WORD1981_예천군수어통역센터     1.0000    1.0000    1.0000        11
   WORD1982_예천군주민지원센터     1.0000    1.0000    1.0000        18
       WORD1983_울릉군지부     0.9167    1.0000    0.9565        11
   WORD1984_울릉군수어통역센터     1.0000    1.0000    1.0000        17
   WORD1985_울릉군주민지원센터     1.0000    1.0000    1.0000        15
       WORD1986_울진군지부     1.0000    0.9333    0.9655        15
   WORD1987_울진군수어통역센터     1.0000    1.0000    1.0000        17
   WORD1988_울진군주민지원센터     1.0000    1.0000    1.0000        17
       WORD1989_의성군지부     0.9375    1.0000    0.9677        15
   WORD1990_의성군수어통역센터     0.9333    1.0000    0.9655        14
   WORD1991_의성군주민지원센터     1.0000    1.0000    1.0000        18
       WORD1992_청도군지부     1.0000    1.0000    1.0000        17
   WORD1993_청도군수어통역센터     1.0000    1.0000    1.0000        14
   WORD1994_청도군주민지원센터     1.0000    1.0000    1.0000        16
       WORD1995_청송군지부     1.0000    1.0000    1.0000        15
   WORD1996_청송군수어통역센터     1.0000    1.0000    1.0000        18
   WORD1997_청송군주민지원센터     1.0000    1.0000    1.0000        16
       WORD1998_칠곡군지부     1.0000    1.0000    1.0000        15
   WORD1999_칠곡군수어통역센터     1.0000    1.0000    1.0000        18
   WORD2000_칠곡군주민지원센터     1.0000    1.0000    1.0000        13
        WORD2001_금시초문     1.0000    1.0000    1.0000        19
        WORD2002_중도포기     1.0000    1.0000    1.0000        20
         WORD2003_지식인     1.0000    1.0000    1.0000        16
          WORD2004_충격     1.0000    1.0000    1.0000        16
          WORD2005_아기     1.0000    1.0000    1.0000        12
         WORD2006_며느리     1.0000    1.0000    1.0000        17
          WORD2007_중독     1.0000    1.0000    1.0000        18
         WORD2008_피해자     1.0000    1.0000    1.0000        18
         WORD2009_사고력     1.0000    1.0000    1.0000        21
        WORD2010_아름답다     1.0000    1.0000    1.0000        17
          WORD2011_거만     1.0000    1.0000    1.0000        19
         WORD2012_반드시     1.0000    1.0000    1.0000        18
         WORD2013_한국인     1.0000    1.0000    1.0000        22
          WORD2014_사별     1.0000    1.0000    1.0000        14
          WORD2015_안색     1.0000    1.0000    1.0000        14
          WORD2016_어른     1.0000    1.0000    1.0000        18
         WORD2017_외동딸     1.0000    1.0000    1.0000        13
         WORD2018_외아들     1.0000    1.0000    1.0000        15
        WORD2019_뛰어나다     1.0000    1.0000    1.0000        18
        WORD2020_조용하다     1.0000    1.0000    1.0000        11
        WORD2021_존경하다     1.0000    1.0000    1.0000        16
          WORD2022_집요     1.0000    1.0000    1.0000        14
          WORD2023_청년     1.0000    1.0000    1.0000        13
         WORD2024_청소년     1.0000    1.0000    1.0000        14
          WORD2025_타인     1.0000    1.0000    1.0000        10
        WORD2026_기민하다     1.0000    1.0000    1.0000        14
          WORD2027_기지     1.0000    1.0000    1.0000        15
         WORD2028_잔소리     1.0000    1.0000    1.0000        12
          WORD2029_무산     1.0000    1.0000    1.0000        16
        WORD2030_무념무상     1.0000    1.0000    1.0000        12
          WORD2031_추측     1.0000    1.0000    1.0000        11
          WORD2032_노인     1.0000    1.0000    1.0000        13
        WORD2033_파헤치다     1.0000    1.0000    1.0000        10
          WORD2034_지혜     1.0000    1.0000    1.0000        15
          WORD2035_신문     1.0000    1.0000    1.0000        18
        WORD2036_목마르다     1.0000    1.0000    1.0000        11
          WORD2037_이력     1.0000    1.0000    1.0000        16
         WORD2038_알아서     1.0000    1.0000    1.0000        15
         WORD2039_몸무게     1.0000    1.0000    1.0000        19
         WORD2040_일반인     1.0000    1.0000    1.0000        14
         WORD2041_책임자     1.0000    1.0000    1.0000        13
          WORD2042_특기     1.0000    1.0000    1.0000        14
          WORD2043_발각     1.0000    1.0000    1.0000        19
         WORD2044_성냥불     1.0000    1.0000    1.0000        12
          WORD2045_구분     1.0000    1.0000    1.0000        17
          WORD2046_결심     1.0000    1.0000    1.0000        16
           WORD2047_간     1.0000    1.0000    1.0000        10
        WORD2048_걸음걸이     1.0000    1.0000    1.0000        17
          WORD2049_결심     1.0000    1.0000    1.0000        14
          WORD2050_계획     1.0000    1.0000    1.0000        14
         WORD2051_일부러     1.0000    1.0000    1.0000        17
          WORD2052_고인     1.0000    1.0000    1.0000        13
          WORD2053_동의     1.0000    1.0000    1.0000        18
          WORD2054_상상     1.0000    1.0000    1.0000        14
       WORD2055_새파래지다     1.0000    1.0000    1.0000        18
          WORD2056_예민     1.0000    1.0000    1.0000        15
          WORD2057_관광     1.0000    1.0000    1.0000        13
          WORD2058_태만     1.0000    1.0000    1.0000        19
         WORD2059_귀엽다     1.0000    1.0000    1.0000        12
         WORD2060_긍정적     1.0000    1.0000    1.0000        17
         WORD2061_뽐내다     1.0000    1.0000    1.0000        24
          WORD2062_기발     1.0000    1.0000    1.0000        13
          WORD2063_독특     1.0000    1.0000    1.0000        13
         WORD2064_여행자     1.0000    1.0000    1.0000        18
          WORD2065_노화     1.0000    1.0000    1.0000        20
        WORD2066_비상식적     1.0000    1.0000    1.0000        13
         WORD2067_가엾다     1.0000    1.0000    1.0000        13
        WORD2068_아둔하다     1.0000    1.0000    1.0000        19
         WORD2069_말솜씨     1.0000    1.0000    1.0000        18
          WORD2070_사색     1.0000    1.0000    1.0000        13
         WORD2071_판박이     1.0000    1.0000    1.0000        17
          WORD2072_체형     1.0000    1.0000    1.0000        16
         WORD2073_무기력     1.0000    1.0000    1.0000        13
         WORD2074_무분별     1.0000    1.0000    1.0000        17
         WORD2075_미성년     1.0000    1.0000    1.0000        17
        WORD2076_반성하다     1.0000    1.0000    1.0000        13
          WORD2077_변화     1.0000    1.0000    1.0000        14
          WORD2078_변천     1.0000    1.0000    1.0000        15
          WORD2079_본성     1.0000    1.0000    1.0000        15
          WORD2080_갑부     1.0000    1.0000    1.0000        13
         WORD2081_불성실     1.0000    1.0000    1.0000        17
          WORD2082_불신     1.0000    1.0000    1.0000        15
         WORD2083_불친절     1.0000    1.0000    1.0000        13
          WORD2084_사내     1.0000    1.0000    1.0000        14
          WORD2085_상상     1.0000    1.0000    1.0000        15
          WORD2086_성품     1.0000    1.0000    1.0000        15
         WORD2087_소외감     1.0000    1.0000    1.0000        14
         WORD2088_소지자     1.0000    1.0000    1.0000        13
          WORD2089_솜씨     1.0000    1.0000    1.0000        13
        WORD2090_솔직하다     1.0000    1.0000    1.0000        16
         WORD2091_허약자     1.0000    1.0000    1.0000        12
          WORD2092_실토     1.0000    1.0000    1.0000        16
          WORD2093_엉뚱     1.0000    1.0000    1.0000        12
          WORD2094_위인     1.0000    1.0000    1.0000        12
          WORD2095_예견     1.0000    1.0000    1.0000        14
          WORD2096_야망     1.0000    1.0000    1.0000        13
         WORD2097_얼굴형     1.0000    1.0000    1.0000        13
        WORD2098_울음소리     1.0000    1.0000    1.0000        13
        WORD2099_웃음소리     1.0000    1.0000    1.0000        12
           WORD2100_위     1.0000    1.0000    1.0000        15
          WORD2101_위인     1.0000    1.0000    1.0000        11
          WORD2102_욕망     1.0000    1.0000    1.0000        11
          WORD2103_의문     1.0000    1.0000    1.0000        15
          WORD2104_사욕     1.0000    1.0000    1.0000        19
          WORD2105_인성     1.0000    1.0000    1.0000        16
          WORD2106_인심     1.0000    1.0000    1.0000        11
          WORD2107_인체     1.0000    1.0000    1.0000        16
         WORD2108_가루약     1.0000    1.0000    1.0000        19
        WORD2109_기초체조     1.0000    1.0000    1.0000        15
         WORD2110_감염병     1.0000    1.0000    1.0000        12
          WORD2111_중병     1.0000    1.0000    1.0000        16
         WORD2112_선짓국     1.0000    1.0000    1.0000        20
          WORD2113_햅쌀     1.0000    1.0000    1.0000        16
          WORD2114_호떡     1.0000    1.0000    1.0000        16
         WORD2115_들키다     1.0000    1.0000    1.0000        14
         WORD2116_결혼식     1.0000    1.0000    1.0000        15
         WORD2117_잠기다     1.0000    1.0000    1.0000        18
          WORD2118_노고     1.0000    1.0000    1.0000        14
          WORD2119_공범     1.0000    1.0000    1.0000        12
      WORD2120_고조할아버지     1.0000    1.0000    1.0000        16
        WORD2121_난감하다     1.0000    1.0000    1.0000        17
         WORD2122_여리다     0.8750    1.0000    0.9333        14
          WORD2123_구화     1.0000    0.9231    0.9600        13
         WORD2124_노년기     1.0000    1.0000    1.0000        18
         WORD2125_노부모     1.0000    1.0000    1.0000        22
          WORD2126_매형     1.0000    1.0000    1.0000        14
          WORD2127_제부     1.0000    1.0000    1.0000        16
          WORD2128_수상     1.0000    1.0000    1.0000        15
          WORD2129_검술     1.0000    0.9375    0.9677        16
         WORD2130_물놀이     1.0000    1.0000    1.0000        14
          WORD2131_물약     1.0000    1.0000    1.0000        15
         WORD2132_돌보다     1.0000    1.0000    1.0000        19
          WORD2133_생계     1.0000    1.0000    1.0000        18
          WORD2134_친모     1.0000    1.0000    1.0000        15
          WORD2135_친부     1.0000    1.0000    1.0000        14
          WORD2136_생일     1.0000    0.9444    0.9714        18
        WORD2137_작은엄마     1.0000    1.0000    1.0000        14
        WORD2138_작은아빠     1.0000    1.0000    1.0000        14
          WORD2139_의문     1.0000    1.0000    1.0000        13
         WORD2140_도련님     1.0000    1.0000    1.0000        15
        WORD2141_시어머니     1.0000    1.0000    1.0000        18
        WORD2142_아주버님     1.0000    1.0000    1.0000        13
          WORD2143_신부     1.0000    1.0000    1.0000        16
          WORD2144_신혼     1.0000    1.0000    1.0000        14
          WORD2145_약효     1.0000    1.0000    1.0000        11
         WORD2146_여드름     1.0000    1.0000    1.0000        21
          WORD2147_염색     1.0000    1.0000    1.0000         9
        WORD2148_긴가민가     1.0000    1.0000    1.0000        15
        WORD2149_미심쩍다     1.0000    1.0000    1.0000        16
          WORD2150_의혹     1.0000    1.0000    1.0000        17
        WORD2151_외할머니     1.0000    1.0000    1.0000        17
       WORD2152_외할아버지     1.0000    1.0000    1.0000        12
         WORD2153_운동장     1.0000    1.0000    1.0000        19
          WORD2154_의혹     1.0000    1.0000    1.0000        16
          WORD2155_낙인     1.0000    1.0000    1.0000        15
          WORD2156_세뇌     1.0000    1.0000    1.0000        17
      WORD2157_작은할아버지     1.0000    1.0000    1.0000        16
         WORD2158_장난감     1.0000    1.0000    1.0000        15
          WORD2159_발인     1.0000    0.9286    0.9630        14
          WORD2160_장모     1.0000    1.0000    1.0000        19
        WORD2161_장인어른     1.0000    1.0000    1.0000        14
          WORD2162_처남     1.0000    1.0000    1.0000        16
          WORD2163_처형     0.9375    1.0000    0.9677        15
         WORD2164_알맞다     1.0000    1.0000    1.0000        17
        WORD2165_큰아버지     1.0000    1.0000    1.0000        18
        WORD2166_큰어머니     0.9231    1.0000    0.9600        12
         WORD2167_큰언니     1.0000    1.0000    1.0000        17
          WORD2168_큰형     1.0000    1.0000    1.0000        16
          WORD2169_강요     1.0000    1.0000    1.0000        20
          WORD2170_형수     1.0000    1.0000    1.0000        15
          WORD2171_환갑     1.0000    1.0000    1.0000        11
          WORD2172_회생     1.0000    1.0000    1.0000        18
          WORD2173_직인     1.0000    1.0000    1.0000        17
          WORD2174_용돈     1.0000    0.9412    0.9697        17
          WORD2175_공문     1.0000    1.0000    1.0000        14
        WORD2176_고리타분     1.0000    1.0000    1.0000        16
          WORD2177_공항     1.0000    1.0000    1.0000        17
          WORD2178_구조     1.0000    1.0000    1.0000        16
          WORD2179_월급     1.0000    1.0000    1.0000        18
         WORD2180_기술자     1.0000    1.0000    1.0000        22
          WORD2181_합심     1.0000    1.0000    1.0000        14
          WORD2182_반납     1.0000    1.0000    1.0000        15
         WORD2183_사무실     1.0000    1.0000    1.0000        16
          WORD2184_직원     1.0000    1.0000    1.0000        16
          WORD2185_사장     1.0000    0.9444    0.9714        18
          WORD2186_퇴사     0.9167    1.0000    0.9565        11
          WORD2187_받다     1.0000    1.0000    1.0000        15
          WORD2188_책무     1.0000    1.0000    1.0000        20
          WORD2189_사업     0.9286    1.0000    0.9630        13
         WORD2190_운전자     1.0000    1.0000    1.0000        16
         WORD2191_일본어     1.0000    1.0000    1.0000        14
          WORD2192_일터     1.0000    1.0000    1.0000        13
          WORD2193_전근     1.0000    1.0000    1.0000        16
          WORD2194_경비     1.0000    1.0000    1.0000        10
          WORD2195_구인     1.0000    1.0000    1.0000        14
          WORD2196_취업     1.0000    1.0000    1.0000        13
          WORD2197_문득     1.0000    1.0000    1.0000        14
        WORD2198_알려주다     1.0000    1.0000    1.0000        17
         WORD2199_한국어     0.9286    1.0000    0.9630        13
          WORD2200_한글     1.0000    1.0000    1.0000        13
          WORD2201_화가     1.0000    1.0000    1.0000        17
          WORD2202_망각     1.0000    1.0000    1.0000        18
          WORD2203_새털     1.0000    1.0000    1.0000        14
          WORD2204_물다     1.0000    1.0000    1.0000        13
       WORD2205_잊어버리다     1.0000    1.0000    1.0000        15
        WORD2206_깜빡하다     1.0000    0.9231    0.9600        13
        WORD2207_돋보이다     1.0000    1.0000    1.0000        19
         WORD2208_들키다     0.9231    1.0000    0.9600        12
         WORD2209_빚더미     1.0000    1.0000    1.0000        16
        WORD2210_유구무언     1.0000    1.0000    1.0000        16
          WORD2211_욕구     1.0000    1.0000    1.0000        17
          WORD2212_재벌     1.0000    0.9286    0.9630        14
         WORD2213_일시불     1.0000    1.0000    1.0000        16
        WORD2214_벼락부자     1.0000    1.0000    1.0000        17
         WORD2215_궁하다     1.0000    1.0000    1.0000        12
          WORD2216_의욕     1.0000    1.0000    1.0000        19
         WORD2217_맥없다     1.0000    1.0000    1.0000        16
          WORD2218_탕진     1.0000    1.0000    1.0000        16
         WORD2219_맥없다     1.0000    1.0000    1.0000        15
        WORD2220_인색하다     1.0000    1.0000    1.0000        14
        WORD2221_인색하다     1.0000    1.0000    1.0000        16
          WORD2222_교섭     1.0000    1.0000    1.0000        18
          WORD2223_합의     1.0000    1.0000    1.0000        14
         WORD2224_맥없다     1.0000    1.0000    1.0000        18
          WORD2225_질색     1.0000    1.0000    1.0000        14
          WORD2226_거절     1.0000    1.0000    1.0000        14
        WORD2227_미진하다     1.0000    1.0000    1.0000        13
        WORD2228_표리부동     0.9286    1.0000    0.9630        13
         WORD2229_대물림     1.0000    1.0000    1.0000        10
         WORD2230_대물림     1.0000    1.0000    1.0000        13
          WORD2231_변제     1.0000    1.0000    1.0000        13
          WORD2232_갑절     1.0000    1.0000    1.0000        19
          WORD2233_권력     1.0000    1.0000    1.0000        15
          WORD2234_착취     1.0000    1.0000    1.0000        13
        WORD2235_값비싸다     1.0000    1.0000    1.0000        12
          WORD2236_재량     1.0000    1.0000    1.0000        13
          WORD2237_재량     1.0000    1.0000    1.0000        12
         WORD2238_무자격     1.0000    1.0000    1.0000        10
        WORD2239_상상하다     1.0000    1.0000    1.0000        15
         WORD2240_헛수고     1.0000    0.9231    0.9600        13
         WORD2241_미달성     1.0000    1.0000    1.0000        12
          WORD2242_대박     1.0000    1.0000    1.0000        20
        WORD2243_분주하다     1.0000    1.0000    1.0000        15
         WORD2244_고수입     1.0000    1.0000    1.0000        13
        WORD2245_일확천금     1.0000    0.9286    0.9630        14
         WORD2246_근근이     1.0000    0.9375    0.9677        16
         WORD2247_근근이     1.0000    1.0000    1.0000        14
          WORD2248_혈안     1.0000    0.9333    0.9655        15
         WORD2249_계획적     1.0000    1.0000    1.0000        16
          WORD2250_폐업     1.0000    0.9412    0.9697        17
          WORD2251_폐업     1.0000    0.9524    0.9756        21
          WORD2252_폐업     1.0000    1.0000    1.0000        17
        WORD2253_조종하다     1.0000    0.9444    0.9714        18
          WORD2254_탕진     1.0000    1.0000    1.0000        17
       WORD2255_마지못하다     1.0000    1.0000    1.0000        15
          WORD2256_사교     1.0000    0.9474    0.9730        19
          WORD2257_물론     1.0000    1.0000    1.0000        14
        WORD2258_유명하다     1.0000    1.0000    1.0000        14
          WORD2259_무례     1.0000    1.0000    1.0000        17
          WORD2260_무례     1.0000    1.0000    1.0000        17
        WORD2261_역력하다     1.0000    1.0000    1.0000        13
        WORD2262_표리부동     1.0000    1.0000    1.0000        19
        WORD2263_비상식적     1.0000    1.0000    1.0000        19
        WORD2264_부합되다     1.0000    1.0000    1.0000        14
        WORD2265_매료되다     0.9286    1.0000    0.9630        13
         WORD2266_판박이     1.0000    1.0000    1.0000        16
         WORD2267_판박이     1.0000    1.0000    1.0000        13
         WORD2268_그렇다     1.0000    1.0000    1.0000        17
         WORD2269_등지다     1.0000    1.0000    1.0000        18
         WORD2270_무경험     1.0000    1.0000    1.0000        11
          WORD2271_끊다     1.0000    1.0000    1.0000        15
        WORD2272_기피하다     1.0000    1.0000    1.0000        13
        WORD2273_기피하다     1.0000    1.0000    1.0000        14
          WORD2274_아부     1.0000    1.0000    1.0000        13
          WORD2275_아부     1.0000    1.0000    1.0000        15
          WORD2276_아부     1.0000    0.9375    0.9677        16
          WORD2277_맹세     1.0000    1.0000    1.0000        14
          WORD2278_거만     1.0000    1.0000    1.0000        16
         WORD2279_가만히     1.0000    1.0000    1.0000        11
        WORD2280_유치하다     1.0000    1.0000    1.0000        15
        WORD2281_유치하다     1.0000    0.9286    0.9630        14
          WORD2282_결코     1.0000    1.0000    1.0000        10
         WORD2283_들러리     1.0000    1.0000    1.0000        14
        WORD2284_양자택일     1.0000    1.0000    1.0000        14
         WORD2285_어차피     1.0000    1.0000    1.0000        11
        WORD2286_양자택일     1.0000    1.0000    1.0000        17
          WORD2287_각오     1.0000    1.0000    1.0000        12
         WORD2288_위선자     1.0000    1.0000    1.0000        17
        WORD2289_이중인격     1.0000    1.0000    1.0000        11
        WORD2290_기회주의     1.0000    0.9333    0.9655        15
        WORD2291_이기주의     1.0000    1.0000    1.0000        16
         WORD2292_넘기다     1.0000    1.0000    1.0000        10
        WORD2293_거저먹다     1.0000    1.0000    1.0000        13
          WORD2294_험담     1.0000    1.0000    1.0000        18
          WORD2295_달변     1.0000    1.0000    1.0000        15
          WORD2296_달변     1.0000    1.0000    1.0000        20
          WORD2297_빈말     1.0000    1.0000    1.0000        14
         WORD2298_양다리     1.0000    0.9444    0.9714        18
         WORD2299_고질적     1.0000    0.9333    0.9655        15
       WORD2300_수다스럽다     1.0000    1.0000    1.0000        15
          WORD2301_함구     1.0000    1.0000    1.0000        17
          WORD2302_험담     1.0000    1.0000    1.0000        14
        WORD2303_파악하다     1.0000    1.0000    1.0000        12
          WORD2304_끊다     1.0000    1.0000    1.0000        17
        WORD2305_설득되다     1.0000    1.0000    1.0000        12
         WORD2306_불복종     1.0000    1.0000    1.0000        19
          WORD2307_막말     1.0000    1.0000    1.0000        13
          WORD2308_아첨     1.0000    1.0000    1.0000        16
         WORD2309_놀리다     0.8889    1.0000    0.9412        16
        WORD2310_임기응변     1.0000    1.0000    1.0000        18
        WORD2311_마이동풍     1.0000    1.0000    1.0000        13
          WORD2312_변명     1.0000    1.0000    1.0000        16
         WORD2313_팔랑귀     1.0000    1.0000    1.0000        13
        WORD2314_어림없다     1.0000    1.0000    1.0000        13
         WORD2315_솔직히     1.0000    1.0000    1.0000        14
         WORD2316_솔직히     1.0000    1.0000    1.0000        15
          WORD2317_맞다     1.0000    0.9286    0.9630        14
          WORD2318_맞다     1.0000    1.0000    1.0000        13
          WORD2319_겸임     1.0000    1.0000    1.0000        18
        WORD2320_동상이몽     1.0000    1.0000    1.0000        20
          WORD2321_함구     1.0000    1.0000    1.0000        18
          WORD2322_함구     1.0000    1.0000    1.0000        14
          WORD2323_함구     1.0000    1.0000    1.0000        17
          WORD2324_겸임     1.0000    1.0000    1.0000        12
        WORD2325_일인다역     1.0000    1.0000    1.0000        16
        WORD2326_책임지다     1.0000    1.0000    1.0000        19
       WORD2327_내버려두다     1.0000    1.0000    1.0000        13
         WORD2328_내뱉다     1.0000    1.0000    1.0000        15
         WORD2329_내뱉다     1.0000    0.9524    0.9756        21
         WORD2330_내뱉다     1.0000    1.0000    1.0000        18
          WORD2331_명령     1.0000    1.0000    1.0000        16
         WORD2332_막히다     1.0000    1.0000    1.0000        15
         WORD2333_막히다     1.0000    1.0000    1.0000        15
         WORD2334_막히다     1.0000    1.0000    1.0000        14
        WORD2335_유구무언     1.0000    1.0000    1.0000        12
        WORD2336_유구무언     0.9412    1.0000    0.9697        16
        WORD2337_유구무언     1.0000    1.0000    1.0000        16
          WORD2338_포기     1.0000    1.0000    1.0000        12
        WORD2339_막상막하     1.0000    1.0000    1.0000        16
        WORD2340_비등하다     1.0000    1.0000    1.0000        15
          WORD2341_포기     1.0000    1.0000    1.0000        16
         WORD2342_얕보다     1.0000    1.0000    1.0000        16
         WORD2343_얕보다     1.0000    1.0000    1.0000        12
         WORD2344_얕보다     1.0000    1.0000    1.0000        11
         WORD2345_얕보다     1.0000    0.9333    0.9655        15
         WORD2346_불간섭     1.0000    1.0000    1.0000        15
        WORD2347_벗어나다     1.0000    1.0000    1.0000        17
          WORD2348_전멸     0.9412    1.0000    0.9697        16
        WORD2349_작살내다     1.0000    1.0000    1.0000        15
         WORD2350_당하다     1.0000    1.0000    1.0000        16
        WORD2351_만만하다     1.0000    0.9375    0.9677        16
         WORD2352_기대다     1.0000    1.0000    1.0000        16
         WORD2353_꺼지다     1.0000    1.0000    1.0000        13
         WORD2354_꺼지다     1.0000    1.0000    1.0000        15
         WORD2355_꺼지다     1.0000    0.9412    0.9697        17
         WORD2356_꺼지다     1.0000    1.0000    1.0000        17
         WORD2357_꺼지다     1.0000    1.0000    1.0000        13
         WORD2358_꺼지다     0.9524    1.0000    0.9756        20
          WORD2359_중립     1.0000    1.0000    1.0000        17
         WORD2360_봐주다     1.0000    1.0000    1.0000        20
         WORD2361_해하다     1.0000    1.0000    1.0000        21
         WORD2362_해하다     1.0000    1.0000    1.0000        20
          WORD2363_달성     1.0000    1.0000    1.0000        14
         WORD2364_무자비     1.0000    1.0000    1.0000        17
         WORD2365_무자비     1.0000    1.0000    1.0000        17
         WORD2366_무자비     1.0000    0.9444    0.9714        18
        WORD2367_괴팍하다     0.9375    1.0000    0.9677        15
          WORD2368_달인     1.0000    1.0000    1.0000        16
          WORD2369_당황     1.0000    1.0000    1.0000        18
          WORD2370_감히     1.0000    1.0000    1.0000        14
         WORD2371_대들다     1.0000    1.0000    1.0000        17
         WORD2372_대들다     0.9412    1.0000    0.9697        16
        WORD2373_대단하다     1.0000    0.9474    0.9730        19
        WORD2374_중독되다     1.0000    1.0000    1.0000        14
        WORD2375_부부싸움     1.0000    1.0000    1.0000        15
        WORD2376_멍청하다     0.9231    1.0000    0.9600        12
        WORD2377_뛰어나다     0.9000    0.9474    0.9231        19
          WORD2378_원활     1.0000    1.0000    1.0000        20
          WORD2379_적격     1.0000    1.0000    1.0000        17
        WORD2380_엄청나다     1.0000    1.0000    1.0000        15
        WORD2381_무시하다     0.9048    1.0000    0.9500        19
        WORD2382_무시하다     1.0000    0.9375    0.9677        16
          WORD2383_제법     1.0000    1.0000    1.0000        22
        WORD2384_형편없다     1.0000    1.0000    1.0000        12
         WORD2385_빌리다     1.0000    1.0000    1.0000        16
         WORD2386_빌리다     1.0000    1.0000    1.0000        17
         WORD2387_빌리다     1.0000    1.0000    1.0000        17
          WORD2388_돕다     1.0000    1.0000    1.0000        25
          WORD2389_돕다     1.0000    0.9412    0.9697        17
          WORD2390_돕다     1.0000    1.0000    1.0000        13
         WORD2391_욕하다     1.0000    1.0000    1.0000        16
         WORD2392_욕하다     0.9333    1.0000    0.9655        14
         WORD2393_욕하다     1.0000    1.0000    1.0000        21
          WORD2394_주다     0.9412    1.0000    0.9697        16
          WORD2395_주다     1.0000    1.0000    1.0000        16
          WORD2396_주다     1.0000    1.0000    1.0000        15
        WORD2397_지불하다     1.0000    1.0000    1.0000        13
        WORD2398_지불하다     1.0000    1.0000    1.0000        16
        WORD2399_지불하다     0.9333    1.0000    0.9655        14
          WORD2400_대출     1.0000    1.0000    1.0000        17
          WORD2401_대출     1.0000    0.9231    0.9600        13
          WORD2402_대출     1.0000    1.0000    1.0000        15
          WORD2403_점등     1.0000    1.0000    1.0000        13
          WORD2404_소등     1.0000    1.0000    1.0000        14
       WORD2405_포항시지부     1.0000    1.0000    1.0000        15
   WORD2406_포항시수화통역센터     0.9474    1.0000    0.9730        18
        WORD2407_포항시청     1.0000    1.0000    1.0000        16
     WORD2408_경남농아인협회     1.0000    1.0000    1.0000        14
     WORD2409_경남농아인협회     1.0000    1.0000    1.0000        11
       WORD2410_거제시지부     1.0000    0.9444    0.9714        18
   WORD2411_거제시수화통역센터     1.0000    1.0000    1.0000        11
        WORD2412_거제시청     0.8667    1.0000    0.9286        13
       WORD2413_거창군지부     1.0000    0.9474    0.9730        19
   WORD2414_거창군수화통역센터     1.0000    1.0000    1.0000        15
   WORD2415_거창군주민지원센터     0.9091    0.9091    0.9091        11
       WORD2416_고성군지부     0.9167    1.0000    0.9565        11
   WORD2417_고성군수화통역센터     1.0000    1.0000    1.0000        21
   WORD2418_고성군주민지원센터     0.9375    1.0000    0.9677        15
       WORD2419_김해시지부     1.0000    1.0000    1.0000        14
   WORD2420_김해시수화통역센터     1.0000    1.0000    1.0000        19
        WORD2421_김해시청     1.0000    1.0000    1.0000        17
       WORD2422_남해군지부     1.0000    1.0000    1.0000        11
   WORD2423_남해군수화통역센터     0.9444    1.0000    0.9714        17
   WORD2424_남해군주민지원센터     0.8667    0.9286    0.8966        14
       WORD2425_밀양시지부     1.0000    1.0000    1.0000        19
   WORD2426_밀양시수화통역센터     1.0000    1.0000    1.0000        13
        WORD2427_밀양시청     1.0000    1.0000    1.0000        19
       WORD2428_사천시지부     1.0000    0.9333    0.9655        15
   WORD2429_사천시수화통역센터     1.0000    1.0000    1.0000        14
        WORD2430_사천시청     1.0000    1.0000    1.0000        20
       WORD2431_산청군지부     1.0000    1.0000    1.0000        19
   WORD2432_산청군수화통역센터     1.0000    0.9286    0.9630        14
   WORD2433_산청군주민지원센터     1.0000    0.9286    0.9630        14
       WORD2434_양산시지부     1.0000    1.0000    1.0000        12
   WORD2435_양산시수화통역센터     1.0000    1.0000    1.0000        16
        WORD2436_양산시청     1.0000    1.0000    1.0000        14
       WORD2437_진주시지부     0.9375    0.9375    0.9375        16
   WORD2438_진주시수화통역센터     1.0000    1.0000    1.0000        17
        WORD2439_진주시청     1.0000    1.0000    1.0000        16
       WORD2440_창녕군지부     1.0000    1.0000    1.0000        19
   WORD2441_창녕군수화통역센터     1.0000    0.9231    0.9600        13
   WORD2442_창녕군주민지원센터     0.9167    1.0000    0.9565        11
       WORD2443_마산시지부     1.0000    1.0000    1.0000        14
   WORD2444_마산시수화통역센터     1.0000    1.0000    1.0000        14
       WORD2445_창원시지부     1.0000    0.9444    0.9714        18
   WORD2446_창원시수화통역센터     1.0000    1.0000    1.0000        14
        WORD2447_창원시청     1.0000    1.0000    1.0000        13
       WORD2448_통영시지부     1.0000    1.0000    1.0000        16
   WORD2449_통영시수화통역센터     1.0000    1.0000    1.0000        15
        WORD2450_통영시청     0.8750    1.0000    0.9333        14
       WORD2451_하동군지부     1.0000    1.0000    1.0000        18
   WORD2452_하동군수화통역센터     1.0000    1.0000    1.0000        14
   WORD2453_하동군주민지원센터     1.0000    1.0000    1.0000        22
       WORD2454_함안군지부     1.0000    1.0000    1.0000        14
   WORD2455_함안군수화통역센터     1.0000    1.0000    1.0000        15
   WORD2456_함안군주민지원센터     1.0000    1.0000    1.0000        10
WORD2457_제주특별자치도농아인협회     1.0000    1.0000    1.0000        16
      WORD2458_서귀포시지부     1.0000    1.0000    1.0000        17
  WORD2459_서귀포시수화통역센터     1.0000    1.0000    1.0000        16
       WORD2460_서귀포시청     1.0000    1.0000    1.0000        15
       WORD2461_제주시지부     1.0000    1.0000    1.0000        17
   WORD2462_제주시수화통역센터     1.0000    1.0000    1.0000        14
        WORD2463_제주시청     1.0000    1.0000    1.0000        16
      WORD2464_대구광역시청     1.0000    1.0000    1.0000        15
      WORD2465_대전광역시청     1.0000    1.0000    1.0000        16
      WORD2466_인천광역시청     1.0000    1.0000    1.0000        16
      WORD2467_광주광역시청     1.0000    1.0000    1.0000        15
      WORD2468_울산광역시청     1.0000    1.0000    1.0000        18
     WORD2469_세종특별자치시     1.0000    1.0000    1.0000        15
        WORD2470_경기도청     1.0000    1.0000    1.0000        14
        WORD2471_제주도청     1.0000    1.0000    1.0000        12
        WORD2472_충남도청     1.0000    1.0000    1.0000        21
        WORD2473_충북도청     1.0000    0.9412    0.9697        17
        WORD2474_경남도청     1.0000    1.0000    1.0000        16
        WORD2475_경북도청     1.0000    1.0000    1.0000        19
        WORD2476_전남도청     1.0000    1.0000    1.0000        16
        WORD2477_전북도청     1.0000    1.0000    1.0000        18
        WORD2478_강원도청     1.0000    1.0000    1.0000        21
          WORD2479_궁리     1.0000    1.0000    1.0000        15
          WORD2480_아하     1.0000    1.0000    1.0000        16
         WORD2481_찔리다     1.0000    1.0000    1.0000        19
       WORD2482_알아차리다     1.0000    1.0000    1.0000        19
       WORD2483_알아차리다     1.0000    1.0000    1.0000        16
          WORD2484_통찰     1.0000    1.0000    1.0000        13
         WORD2485_모르다     1.0000    1.0000    1.0000        14
         WORD2486_어렵다     1.0000    0.9412    0.9697        17
          WORD2487_연구     1.0000    1.0000    1.0000        22
         WORD2488_무소식     1.0000    1.0000    1.0000        18
        WORD2489_소문내다     1.0000    1.0000    1.0000        15
          WORD2490_뜻밖     1.0000    1.0000    1.0000        14
          WORD2491_뜻밖     1.0000    1.0000    1.0000        16
         WORD2492_못하다     1.0000    1.0000    1.0000        21
          WORD2493_가능     1.0000    1.0000    1.0000        12
         WORD2494_해내다     1.0000    1.0000    1.0000        13
         WORD2495_우습다     1.0000    1.0000    1.0000        13
          WORD2496_현대     1.0000    1.0000    1.0000        14
         WORD2497_신나다     1.0000    1.0000    1.0000        14
          WORD2498_쌍용     1.0000    1.0000    1.0000        12
        WORD2499_꼴사납다     1.0000    0.9412    0.9697        17
        WORD2500_가소롭다     1.0000    1.0000    1.0000        26
        WORD2501_네덜란드     1.0000    1.0000    1.0000        14
          WORD2502_광기     1.0000    1.0000    1.0000        17
        WORD2503_노르웨이     1.0000    1.0000    1.0000        14
          WORD2504_대만     1.0000    1.0000    1.0000        17
        WORD2505_시시하다     0.9333    1.0000    0.9655        14
          WORD2506_독도     1.0000    1.0000    1.0000        13
          WORD2507_독일     1.0000    0.9444    0.9714        18
          WORD2508_로마     1.0000    1.0000    1.0000        19
          WORD2509_LA     1.0000    1.0000    1.0000        18
          WORD2510_격노     1.0000    1.0000    1.0000        13
         WORD2511_베트남     1.0000    1.0000    1.0000        14
         WORD2512_벨기에     1.0000    1.0000    1.0000        16
         WORD2513_불가리     0.9286    1.0000    0.9630        13
         WORD2514_브라질     1.0000    1.0000    1.0000        18
         WORD2515_스웨덴     1.0000    1.0000    1.0000        19
          WORD2516_격노     1.0000    1.0000    1.0000        15
         WORD2517_싱가폴     1.0000    1.0000    1.0000        16
        WORD2518_짜증내다     1.0000    1.0000    1.0000        16
        WORD2519_기절초풍     1.0000    1.0000    1.0000        16
      WORD2520_우즈베키스탄     1.0000    1.0000    1.0000        18
          WORD2521_유럽     1.0000    1.0000    1.0000        15
          WORD2522_이란     1.0000    1.0000    1.0000        14
         WORD2523_이집트     0.9286    1.0000    0.9630        13
         WORD2524_제주도     1.0000    1.0000    1.0000        17
          WORD2525_중국     1.0000    0.9565    0.9778        23
         WORD2526_놀랍다     1.0000    1.0000    1.0000        18
        WORD2527_캄보디아     1.0000    1.0000    1.0000        19
        WORD2528_아프리카     1.0000    1.0000    1.0000        16
         WORD2529_놀랍다     1.0000    1.0000    1.0000        15
         WORD2530_놀랍다     1.0000    1.0000    1.0000        15
       WORD2531_못마땅하다     1.0000    1.0000    1.0000        16
         WORD2532_역겹다     1.0000    0.9333    0.9655        15
          WORD2533_강물     1.0000    1.0000    1.0000        19
          WORD2534_언덕     1.0000    1.0000    1.0000        10
         WORD2535_골짜기     1.0000    1.0000    1.0000        17
          WORD2536_황금     1.0000    1.0000    1.0000        16
          WORD2537_석유     1.0000    1.0000    1.0000        11
           WORD2538_달     1.0000    1.0000    1.0000        14
           WORD2539_돌     1.0000    1.0000    1.0000        19
         WORD2540_후지다     1.0000    1.0000    1.0000        15
           WORD2541_흙     0.9444    1.0000    0.9714        17
         WORD2542_뜨겁다     1.0000    1.0000    1.0000        16
          WORD2543_일출     1.0000    1.0000    1.0000        11
         WORD2544_먹구름     1.0000    1.0000    1.0000        19
          WORD2545_황토     0.9167    1.0000    0.9565        11
          WORD2546_바다     1.0000    1.0000    1.0000        15
          WORD2547_뻔뻔     0.9375    1.0000    0.9677        15
          WORD2548_낭패     1.0000    1.0000    1.0000        19
          WORD2549_바람     1.0000    1.0000    1.0000        15
          WORD2550_뻔뻔     1.0000    1.0000    1.0000        14
           WORD2551_별     1.0000    0.9565    0.9778        23
           WORD2552_비     1.0000    1.0000    1.0000        14
         WORD2553_찔리다     1.0000    1.0000    1.0000        12
        WORD2554_형편없다     1.0000    1.0000    1.0000        13
          WORD2555_석탄     1.0000    1.0000    1.0000        12
           WORD2556_섬     1.0000    1.0000    1.0000        21
           WORD2557_철     1.0000    0.9375    0.9677        16
           WORD2558_숲     1.0000    1.0000    1.0000        15
          WORD2559_포기     1.0000    1.0000    1.0000        20
          WORD2560_언덕     1.0000    1.0000    1.0000        13
          WORD2561_호수     1.0000    1.0000    1.0000        20
          WORD2562_예고     1.0000    1.0000    1.0000        12
          WORD2563_온도     1.0000    1.0000    1.0000        15
          WORD2564_일몰     1.0000    1.0000    1.0000        13
          WORD2565_일출     1.0000    1.0000    1.0000        24
          WORD2566_장마     1.0000    1.0000    1.0000        18
        WORD2567_괴롭히다     1.0000    1.0000    1.0000        22
          WORD2568_일몰     1.0000    1.0000    1.0000        14
          WORD2569_제발     1.0000    1.0000    1.0000        18
          WORD2570_차다     1.0000    1.0000    1.0000        15
         WORD2571_위아래     1.0000    1.0000    1.0000        15
         WORD2572_사계절     1.0000    0.9474    0.9730        19
          WORD2573_체온     1.0000    1.0000    1.0000        23
          WORD2574_아하     1.0000    1.0000    1.0000        16
          WORD2575_하늘     1.0000    0.9444    0.9714        18
          WORD2576_상부     1.0000    1.0000    1.0000        14
          WORD2577_아래     1.0000    0.9524    0.9756        21
           WORD2578_날     1.0000    1.0000    1.0000        14
          WORD2579_수심     1.0000    1.0000    1.0000        15
          WORD2580_햇빛     1.0000    0.9412    0.9697        17
          WORD2581_홍수     1.0000    0.9412    0.9697        17
         WORD2582_감나무     0.9412    1.0000    0.9697        16
          WORD2583_제발     1.0000    1.0000    1.0000        22
          WORD2584_기린     1.0000    1.0000    1.0000        14
          WORD2585_꿀벌     1.0000    0.9500    0.9744        20
         WORD2586_쌀벌레     1.0000    1.0000    1.0000        13
          WORD2587_미국     1.0000    1.0000    1.0000        16
          WORD2588_일본     1.0000    1.0000    1.0000        19
          WORD2589_몽골     1.0000    1.0000    1.0000        11
         WORD2590_러시아     1.0000    1.0000    1.0000        15
          WORD2591_북한     1.0000    1.0000    1.0000        17
          WORD2592_인도     1.0000    1.0000    1.0000        17
          WORD2593_살살     0.9231    1.0000    0.9600        12
         WORD2594_봐주다     1.0000    1.0000    1.0000        17
        WORD2595_못보았다     1.0000    1.0000    1.0000        11
          WORD2596_영어     1.0000    1.0000    1.0000        15
        WORD2597_이스라엘     1.0000    1.0000    1.0000        16
         WORD2598_필리핀     1.0000    1.0000    1.0000        15
          WORD2599_홍콩     1.0000    1.0000    1.0000        15
          WORD2600_황홀     1.0000    1.0000    1.0000        16
         WORD2601_보이다     0.9286    1.0000    0.9630        13
        WORD2602_이탈리아     1.0000    1.0000    1.0000        14
          WORD2603_군산     1.0000    1.0000    1.0000        16
          WORD2604_목포     1.0000    0.9375    0.9677        16
          WORD2605_인천     1.0000    0.9333    0.9655        15
          WORD2606_금산     1.0000    1.0000    1.0000        15
         WORD2607_강원도     0.9474    1.0000    0.9730        18
          WORD2608_태백     1.0000    1.0000    1.0000        21
         WORD2609_보이다     1.0000    1.0000    1.0000        17
          WORD2610_대구     1.0000    1.0000    1.0000        14
          WORD2611_마산     1.0000    1.0000    1.0000        16
          WORD2612_창원     1.0000    1.0000    1.0000        16
          WORD2613_여수     1.0000    1.0000    1.0000        17
        WORD2614_적중하다     1.0000    1.0000    1.0000        12
          WORD2615_포항     1.0000    1.0000    1.0000        19
          WORD2616_대전     1.0000    1.0000    1.0000        16
          WORD2617_천안     1.0000    1.0000    1.0000        15
          WORD2618_아산     1.0000    1.0000    1.0000        15
         WORD2619_의정부     1.0000    1.0000    1.0000        15
         WORD2620_봐주다     0.9412    1.0000    0.9697        16
          WORD2621_원주     1.0000    1.0000    1.0000        15
         WORD2622_눈썰미     1.0000    1.0000    1.0000        13
          WORD2623_전주     1.0000    1.0000    1.0000        16
          WORD2624_주목     1.0000    1.0000    1.0000        16
          WORD2625_의성     1.0000    1.0000    1.0000        19
         WORD2626_눈가림     1.0000    1.0000    1.0000        14
          WORD2627_남원     1.0000    1.0000    1.0000        17
          WORD2628_삼척     1.0000    1.0000    1.0000        14
          WORD2629_일산     1.0000    1.0000    1.0000        17
          WORD2630_강릉     1.0000    1.0000    1.0000        12
           WORD2631_영     1.0000    0.9231    0.9600        13
           WORD2632_일     1.0000    1.0000    1.0000        18
           WORD2633_이     1.0000    1.0000    1.0000        13
           WORD2634_삼     1.0000    1.0000    1.0000        15
           WORD2635_사     1.0000    1.0000    1.0000        13
           WORD2636_오     1.0000    1.0000    1.0000        15
           WORD2637_육     1.0000    1.0000    1.0000        13
           WORD2638_칠     1.0000    1.0000    1.0000        17
           WORD2639_팔     1.0000    1.0000    1.0000        17
           WORD2640_구     1.0000    1.0000    1.0000        13
           WORD2641_십     1.0000    1.0000    1.0000        14
           WORD2642_십     1.0000    1.0000    1.0000        14
          WORD2643_십일     1.0000    1.0000    1.0000        18
          WORD2644_십이     0.9444    1.0000    0.9714        17
          WORD2645_십삼     1.0000    0.9500    0.9744        20
          WORD2646_십사     1.0000    1.0000    1.0000        20
          WORD2647_십오     1.0000    1.0000    1.0000        18
          WORD2648_십육     1.0000    1.0000    1.0000        20
          WORD2649_십칠     1.0000    1.0000    1.0000        18
          WORD2650_십팔     1.0000    1.0000    1.0000        16
          WORD2651_십구     0.9474    1.0000    0.9730        18
          WORD2652_이십     1.0000    1.0000    1.0000        17
         WORD2653_이십일     0.9474    1.0000    0.9730        18
         WORD2654_이십이     1.0000    0.9286    0.9630        14
         WORD2655_이십삼     1.0000    0.9412    0.9697        17
         WORD2656_이십사     1.0000    1.0000    1.0000        18
         WORD2657_이십오     1.0000    1.0000    1.0000        18
         WORD2658_이십육     1.0000    1.0000    1.0000        14
         WORD2659_이십칠     0.9286    1.0000    0.9630        13
         WORD2660_이십팔     0.8824    1.0000    0.9375        15
         WORD2661_이십구     1.0000    1.0000    1.0000        14
          WORD2662_삼십     1.0000    1.0000    1.0000        17
         WORD2663_삼십일     1.0000    1.0000    1.0000        12
         WORD2664_삼십이     1.0000    1.0000    1.0000        10
         WORD2665_삼십삼     1.0000    1.0000    1.0000        13
         WORD2666_삼십사     1.0000    1.0000    1.0000        13
         WORD2667_삼십오     1.0000    1.0000    1.0000        14
         WORD2668_삼십육     1.0000    1.0000    1.0000         9
         WORD2669_삼십칠     1.0000    1.0000    1.0000        13
         WORD2670_삼십팔     1.0000    1.0000    1.0000        18
         WORD2671_삼십구     1.0000    1.0000    1.0000        14
          WORD2672_사십     1.0000    1.0000    1.0000        12
         WORD2673_사십일     1.0000    1.0000    1.0000        15
         WORD2674_사십이     1.0000    1.0000    1.0000        13
         WORD2675_사십삼     1.0000    0.9333    0.9655        15
         WORD2676_사십사     1.0000    1.0000    1.0000        11
         WORD2677_사십오     1.0000    1.0000    1.0000        16
         WORD2678_사십육     1.0000    1.0000    1.0000        19
         WORD2679_사십칠     1.0000    1.0000    1.0000        14
         WORD2680_사십팔     1.0000    1.0000    1.0000        18
         WORD2681_사십구     1.0000    1.0000    1.0000        17
          WORD2682_오십     0.9474    1.0000    0.9730        18
         WORD2683_오십일     1.0000    1.0000    1.0000        15
         WORD2684_오십이     0.8000    1.0000    0.8889        12
         WORD2685_오십삼     1.0000    1.0000    1.0000        14
         WORD2686_오십사     1.0000    1.0000    1.0000        17
         WORD2687_오십오     1.0000    1.0000    1.0000        12
         WORD2688_오십육     1.0000    1.0000    1.0000        16
         WORD2689_오십칠     1.0000    1.0000    1.0000        16
         WORD2690_오십팔     1.0000    1.0000    1.0000        14
         WORD2691_오십구     1.0000    1.0000    1.0000        16
          WORD2692_육십     1.0000    1.0000    1.0000        14
         WORD2693_육십일     1.0000    1.0000    1.0000        15
         WORD2694_육십이     1.0000    0.9500    0.9744        20
         WORD2695_육십삼     1.0000    0.9500    0.9744        20
         WORD2696_육십사     1.0000    1.0000    1.0000        12
         WORD2697_육십오     1.0000    1.0000    1.0000        15
         WORD2698_육십육     1.0000    1.0000    1.0000        16
         WORD2699_육십칠     1.0000    1.0000    1.0000        17
         WORD2700_육십팔     1.0000    1.0000    1.0000        14
         WORD2701_육십구     1.0000    0.8333    0.9091        12
          WORD2702_칠십     1.0000    0.9375    0.9677        16
         WORD2703_칠십일     1.0000    1.0000    1.0000        13
         WORD2704_칠십이     1.0000    1.0000    1.0000        14
         WORD2705_칠십삼     0.8947    1.0000    0.9444        17
         WORD2706_칠십사     1.0000    1.0000    1.0000        15
         WORD2707_칠십오     1.0000    0.9444    0.9714        18
         WORD2708_칠십육     1.0000    1.0000    1.0000        12
         WORD2709_칠십칠     1.0000    1.0000    1.0000        17
         WORD2710_칠십팔     1.0000    1.0000    1.0000        20
         WORD2711_칠십구     1.0000    1.0000    1.0000        17
          WORD2712_팔십     1.0000    1.0000    1.0000        24
         WORD2713_팔십일     1.0000    1.0000    1.0000        17
         WORD2714_팔십이     1.0000    1.0000    1.0000        14
         WORD2715_팔십삼     1.0000    1.0000    1.0000        16
         WORD2716_팔십사     1.0000    1.0000    1.0000        15
         WORD2717_팔십오     1.0000    1.0000    1.0000        16
         WORD2718_팔십육     1.0000    1.0000    1.0000        13
         WORD2719_팔십칠     1.0000    1.0000    1.0000        14
         WORD2720_팔십팔     1.0000    1.0000    1.0000        22
         WORD2721_팔십구     1.0000    1.0000    1.0000        19
          WORD2722_구십     1.0000    1.0000    1.0000        17
         WORD2723_구십일     1.0000    1.0000    1.0000        22
         WORD2724_구십이     1.0000    1.0000    1.0000        13
         WORD2725_구십삼     1.0000    1.0000    1.0000        19
         WORD2726_구십사     1.0000    1.0000    1.0000        14
         WORD2727_구십오     1.0000    1.0000    1.0000        19
         WORD2728_구십육     1.0000    1.0000    1.0000        18
         WORD2729_구십칠     1.0000    1.0000    1.0000        22
         WORD2730_구십팔     1.0000    1.0000    1.0000        24
         WORD2731_구십구     1.0000    1.0000    1.0000        17
           WORD2732_백     0.9412    1.0000    0.9697        16
          WORD2733_백일     1.0000    1.0000    1.0000        17
          WORD2734_백이     1.0000    1.0000    1.0000        14
          WORD2735_백삼     1.0000    1.0000    1.0000        11
         WORD2736_백사
     1.0000    1.0000    1.0000        13
         WORD2737_백오
     1.0000    1.0000    1.0000        14
          WORD2738_백육     1.0000    1.0000    1.0000        18
          WORD2739_백칠     1.0000    1.0000    1.0000        17
          WORD2740_백팔     1.0000    1.0000    1.0000        22
          WORD2741_백구     1.0000    1.0000    1.0000        19
          WORD2742_백십     1.0000    1.0000    1.0000        17
         WORD2743_백십일     1.0000    1.0000    1.0000        17
         WORD2744_백십이     1.0000    1.0000    1.0000        17
         WORD2745_백십삼     1.0000    1.0000    1.0000        13
         WORD2746_백십사     1.0000    0.9500    0.9744        20
         WORD2747_백십오     1.0000    1.0000    1.0000        19
         WORD2748_백십육     1.0000    1.0000    1.0000        17
         WORD2749_백십칠     0.9412    1.0000    0.9697        16
         WORD2750_백십팔     0.9474    1.0000    0.9730        18
         WORD2751_백십구     1.0000    1.0000    1.0000        17
         WORD2752_백이십     1.0000    0.7895    0.8824        19
        WORD2753_백이십일     1.0000    1.0000    1.0000        18
        WORD2754_백이십이     1.0000    0.9500    0.9744        20
        WORD2755_백이십삼     1.0000    1.0000    1.0000        16
        WORD2756_백이십사     0.9091    1.0000    0.9524        20
        WORD2757_백이십오     0.7647    1.0000    0.8667        13
        WORD2758_백이십육     1.0000    1.0000    1.0000        14
        WORD2759_백이십칠     1.0000    0.9412    0.9697        17
        WORD2760_백이십팔     0.9048    1.0000    0.9500        19
        WORD2761_백이십구     1.0000    0.9375    0.9677        16
         WORD2762_백삼십     1.0000    0.9286    0.9630        14
        WORD2763_백삼십일     1.0000    1.0000    1.0000        17
        WORD2764_백삼십이     1.0000    1.0000    1.0000        14
        WORD2765_백삼십삼     1.0000    1.0000    1.0000        20
        WORD2766_백삼십사     1.0000    1.0000    1.0000        20
        WORD2767_백삼십오     1.0000    0.8000    0.8889        15
        WORD2768_백삼십육     1.0000    1.0000    1.0000        13
        WORD2769_백삼십칠     1.0000    0.9375    0.9677        16
        WORD2770_백삼십팔     1.0000    1.0000    1.0000        19
        WORD2771_백삼십구     1.0000    1.0000    1.0000        19
         WORD2772_백사십     1.0000    1.0000    1.0000        14
        WORD2773_백사십일     1.0000    0.9474    0.9730        19
        WORD2774_백사십이     1.0000    1.0000    1.0000        21
        WORD2775_백사십삼     1.0000    1.0000    1.0000        15
        WORD2776_백사십사     1.0000    1.0000    1.0000        17
        WORD2777_백사십오     1.0000    1.0000    1.0000        26
        WORD2778_백사십육     1.0000    1.0000    1.0000        22
        WORD2779_백사십칠     1.0000    1.0000    1.0000        22
        WORD2780_백사십팔     1.0000    1.0000    1.0000        22
        WORD2781_백사십구     1.0000    1.0000    1.0000        17
         WORD2782_백오십     1.0000    1.0000    1.0000        17
        WORD2783_백오십일     1.0000    1.0000    1.0000        13
        WORD2784_백오십이     1.0000    1.0000    1.0000        17
        WORD2785_백오십삼     1.0000    1.0000    1.0000        17
        WORD2786_백오십사     0.9231    1.0000    0.9600        12
        WORD2787_백오십오     1.0000    1.0000    1.0000        20
        WORD2788_백오십육     1.0000    1.0000    1.0000        20
        WORD2789_백오십칠     1.0000    1.0000    1.0000        17
        WORD2790_백오십팔     1.0000    1.0000    1.0000        15
        WORD2791_백오십구     1.0000    1.0000    1.0000        16
         WORD2792_백육십     1.0000    0.9583    0.9787        24
        WORD2793_백육십일     0.9444    1.0000    0.9714        17
        WORD2794_백육십이     1.0000    1.0000    1.0000        15
        WORD2795_백육십삼     1.0000    1.0000    1.0000        17
        WORD2796_백육십사     1.0000    1.0000    1.0000        11
        WORD2797_백육십오     0.8667    1.0000    0.9286        13
        WORD2798_백육십육     1.0000    1.0000    1.0000        14
        WORD2799_백육십칠     1.0000    1.0000    1.0000        15
        WORD2800_백육십팔     1.0000    1.0000    1.0000        16
        WORD2801_백육십구     1.0000    1.0000    1.0000        22
         WORD2802_백칠십     1.0000    0.9412    0.9697        17
        WORD2803_백칠십일     1.0000    0.9286    0.9630        14
        WORD2804_백칠십이     0.9500    1.0000    0.9744        19
        WORD2805_백칠십삼     1.0000    0.9565    0.9778        23
        WORD2806_백칠십사     1.0000    1.0000    1.0000        16
        WORD2807_백칠십오     1.0000    0.9524    0.9756        21
        WORD2808_백칠십육     1.0000    1.0000    1.0000        15
        WORD2809_백칠십칠     1.0000    1.0000    1.0000        16
        WORD2810_백칠십팔     1.0000    1.0000    1.0000        11
        WORD2811_백칠십구     1.0000    0.9167    0.9565        12
         WORD2812_백팔십     1.0000    1.0000    1.0000        11
        WORD2813_백팔십일     1.0000    1.0000    1.0000        22
        WORD2814_백팔십이     1.0000    1.0000    1.0000        14
        WORD2815_백팔십삼     0.9474    1.0000    0.9730        18
        WORD2816_백팔십사     1.0000    1.0000    1.0000        14
        WORD2817_백팔십오     1.0000    1.0000    1.0000        16
        WORD2818_백팔십육     1.0000    0.9524    0.9756        21
        WORD2819_백팔십칠     1.0000    1.0000    1.0000        12
        WORD2820_백팔십팔     1.0000    1.0000    1.0000        17
        WORD2821_백팔십구     1.0000    1.0000    1.0000        15
         WORD2822_백구십     1.0000    1.0000    1.0000        20
        WORD2823_백구십일     1.0000    1.0000    1.0000        15
        WORD2824_백구십이     1.0000    1.0000    1.0000        18
        WORD2825_백구십삼     1.0000    1.0000    1.0000        16
        WORD2826_백구십사     1.0000    1.0000    1.0000        16
        WORD2827_백구십오     1.0000    1.0000    1.0000        21
        WORD2828_백구십육     1.0000    1.0000    1.0000        17
        WORD2829_백구십칠     1.0000    1.0000    1.0000        14
        WORD2830_백구십팔     1.0000    1.0000    1.0000        15
        WORD2831_백구십구     1.0000    1.0000    1.0000        17
          WORD2832_이백     1.0000    1.0000    1.0000        22
         WORD2833_이백십     1.0000    1.0000    1.0000        13
        WORD2834_이백이십     1.0000    1.0000    1.0000        15
        WORD2835_이백삼십     1.0000    1.0000    1.0000        14
        WORD2836_이백사십     0.6957    1.0000    0.8205        16
        WORD2837_이백오십     0.9048    1.0000    0.9500        19
        WORD2838_이백육십     1.0000    0.9524    0.9756        21
        WORD2839_이백칠십     1.0000    0.9583    0.9787        24
        WORD2840_이백팔십     1.0000    1.0000    1.0000        17
        WORD2841_이백구십     1.0000    1.0000    1.0000        14
          WORD2842_삼백     1.0000    1.0000    1.0000        13
         WORD2843_삼백십     1.0000    1.0000    1.0000        16
        WORD2844_삼백이십     1.0000    1.0000    1.0000        12
        WORD2845_삼백삼십     1.0000    1.0000    1.0000        12
        WORD2846_삼백사십     1.0000    1.0000    1.0000        13
        WORD2847_삼백오십     1.0000    0.9500    0.9744        20
        WORD2848_삼백육십     1.0000    1.0000    1.0000        16
        WORD2849_삼백칠십     1.0000    0.9167    0.9565        12
        WORD2850_삼백팔십     1.0000    1.0000    1.0000        20
        WORD2851_삼백구십     1.0000    0.9091    0.9524        11
          WORD2852_사백     1.0000    1.0000    1.0000        11
        WORD2853_사백오십     0.9375    0.8824    0.9091        17
          WORD2854_오백     1.0000    1.0000    1.0000        17
        WORD2855_오백오십     1.0000    1.0000    1.0000        11
          WORD2856_육백     1.0000    0.9167    0.9565        12
        WORD2857_육백오십     1.0000    1.0000    1.0000        13
          WORD2858_칠백     1.0000    1.0000    1.0000        12
        WORD2859_칠백오십     1.0000    1.0000    1.0000        10
          WORD2860_팔백     1.0000    1.0000    1.0000        16
        WORD2861_팔백오십     1.0000    1.0000    1.0000        14
          WORD2862_구백     1.0000    1.0000    1.0000        13
        WORD2863_구백오십     1.0000    1.0000    1.0000        11
           WORD2864_천     1.0000    1.0000    1.0000        15
         WORD2865_천오백     1.0000    1.0000    1.0000        13
          WORD2866_이천     1.0000    1.0000    1.0000        15
        WORD2867_이천오백     1.0000    1.0000    1.0000        14
          WORD2868_삼천     0.9375    1.0000    0.9677        15
        WORD2869_삼천오백     1.0000    0.9412    0.9697        17
          WORD2870_사천     1.0000    1.0000    1.0000        21
        WORD2871_사천오백     1.0000    1.0000    1.0000        21
          WORD2872_오천     1.0000    1.0000    1.0000        16
        WORD2873_오천오백     1.0000    1.0000    1.0000        18
          WORD2874_육천     1.0000    1.0000    1.0000        12
        WORD2875_육천오백     1.0000    1.0000    1.0000        14
          WORD2876_칠천     1.0000    1.0000    1.0000        15
        WORD2877_칠천오백     1.0000    1.0000    1.0000        12
          WORD2878_팔천     1.0000    1.0000    1.0000        12
        WORD2879_팔천오백     1.0000    1.0000    1.0000        12
          WORD2880_구천     1.0000    1.0000    1.0000        15
        WORD2881_구천오백     1.0000    1.0000    1.0000        14
           WORD2882_만     1.0000    1.0000    1.0000        17
         WORD2883_만오천     1.0000    1.0000    1.0000        16
          WORD2884_이만     1.0000    1.0000    1.0000        19
        WORD2885_이만오천     1.0000    0.9375    0.9677        16
          WORD2886_삼만     1.0000    0.9565    0.9778        23
        WORD2887_삼만오천     1.0000    1.0000    1.0000        22
          WORD2888_사만     1.0000    0.9412    0.9697        17
        WORD2889_사만오천     1.0000    1.0000    1.0000        14
          WORD2890_오만     1.0000    1.0000    1.0000        15
        WORD2891_오만오천     1.0000    1.0000    1.0000        18
          WORD2892_육만     1.0000    1.0000    1.0000        10
        WORD2893_육만오천     1.0000    1.0000    1.0000        10
          WORD2894_칠만     1.0000    1.0000    1.0000        13
        WORD2895_칠만오천     1.0000    1.0000    1.0000        11
          WORD2896_팔만     1.0000    1.0000    1.0000        13
        WORD2897_팔만오천     1.0000    1.0000    1.0000        17
          WORD2898_구만     1.0000    1.0000    1.0000        12
        WORD2899_구만오천     1.0000    1.0000    1.0000        10
          WORD2900_십만     0.8421    1.0000    0.9143        16
         WORD2901_십오만     1.0000    1.0000    1.0000        20
         WORD2902_이십만     0.8889    1.0000    0.9412        16
        WORD2903_이십오만     1.0000    1.0000    1.0000        19
         WORD2904_삼십만     1.0000    0.9545    0.9767        22
        WORD2905_삼십오만     1.0000    1.0000    1.0000        18
         WORD2906_사십만     1.0000    1.0000    1.0000        13
        WORD2907_사십오만     1.0000    0.9091    0.9524        11
         WORD2908_오십만     1.0000    1.0000    1.0000        15
        WORD2909_오십오만     1.0000    1.0000    1.0000        10
         WORD2910_육십만     1.0000    1.0000    1.0000        19
        WORD2911_육십오만     1.0000    1.0000    1.0000        17
         WORD2912_칠십만     1.0000    1.0000    1.0000        11
        WORD2913_칠십오만     1.0000    0.9333    0.9655        15
         WORD2914_팔십만     1.0000    1.0000    1.0000        16
        WORD2915_팔십오만     1.0000    1.0000    1.0000        20
         WORD2916_구십만     1.0000    1.0000    1.0000        15
        WORD2917_구십오만     1.0000    1.0000    1.0000        24
          WORD2918_백만     0.9615    1.0000    0.9804        25
        WORD2919_백오십만     1.0000    1.0000    1.0000        16
         WORD2920_이백만     1.0000    1.0000    1.0000        13
       WORD2921_이백오십만     1.0000    1.0000    1.0000        16
         WORD2922_삼백만     1.0000    1.0000    1.0000        13
       WORD2923_삼백오십만     1.0000    1.0000    1.0000        16
         WORD2924_사백만     1.0000    1.0000    1.0000        11
       WORD2925_사백오십만     0.9333    1.0000    0.9655        14
         WORD2926_오백만     1.0000    1.0000    1.0000        12
       WORD2927_오백오십만     1.0000    1.0000    1.0000        15
         WORD2928_육백만     1.0000    1.0000    1.0000        11
       WORD2929_육백오십만     1.0000    1.0000    1.0000        19
         WORD2930_칠백만     1.0000    1.0000    1.0000        15
       WORD2931_칠백오십만     1.0000    1.0000    1.0000        15
         WORD2932_팔백만     1.0000    1.0000    1.0000        10
       WORD2933_팔백오십만     1.0000    1.0000    1.0000        13
         WORD2934_구백만     1.0000    0.9375    0.9677        16
       WORD2935_구백오십만     1.0000    1.0000    1.0000        19
          WORD2936_천만     1.0000    1.0000    1.0000        14
        WORD2937_천오백만     1.0000    1.0000    1.0000        15
         WORD2938_이천만     1.0000    1.0000    1.0000        10
       WORD2939_이천오백만     1.0000    1.0000    1.0000        15
         WORD2940_삼천만     0.9545    1.0000    0.9767        21
       WORD2941_삼천오백만     1.0000    1.0000    1.0000        19
         WORD2942_사천만     1.0000    1.0000    1.0000        20
       WORD2943_사천오백만     1.0000    1.0000    1.0000        17
         WORD2944_오천만     1.0000    1.0000    1.0000        10
       WORD2945_오천오백만     1.0000    1.0000    1.0000        18
         WORD2946_육천만     1.0000    1.0000    1.0000        13
       WORD2947_육천오백만     1.0000    1.0000    1.0000        21
         WORD2948_칠천만     1.0000    1.0000    1.0000        14
       WORD2949_칠천오백만     0.9333    1.0000    0.9655        14
         WORD2950_팔천만     1.0000    0.9333    0.9655        15
       WORD2951_팔천오백만     1.0000    1.0000    1.0000        16
         WORD2952_구천만     1.0000    1.0000    1.0000        12
       WORD2953_구천오백만     1.0000    1.0000    1.0000        15
          WORD2954_일억     0.9231    1.0000    0.9600        12
       WORD2955_일억오천만     1.0000    1.0000    1.0000         9
          WORD2956_이억     1.0000    0.9412    0.9697        17
       WORD2957_이억오천만     1.0000    1.0000    1.0000        17
          WORD2958_삼억     0.9286    1.0000    0.9630        13
       WORD2959_삼억오천만     1.0000    1.0000    1.0000        18
          WORD2960_사억     1.0000    1.0000    1.0000        11
       WORD2961_사억오천만     1.0000    1.0000    1.0000        18
          WORD2962_오억     1.0000    0.9375    0.9677        16
       WORD2963_오억오천만     1.0000    1.0000    1.0000        31
          WORD2964_육억     0.9412    1.0000    0.9697        16
       WORD2965_육억오천만     1.0000    1.0000    1.0000        18
          WORD2966_칠억     1.0000    1.0000    1.0000        20
       WORD2967_칠억오천만     1.0000    1.0000    1.0000        22
          WORD2968_팔억     1.0000    1.0000    1.0000        18
       WORD2969_팔억오천만     1.0000    1.0000    1.0000        14
          WORD2970_구억     1.0000    1.0000    1.0000        16
       WORD2971_구억오천만     1.0000    1.0000    1.0000        15
          WORD2972_십억     1.0000    1.0000    1.0000        26
          WORD2973_십억     1.0000    1.0000    1.0000        11
         WORD2974_십오억     1.0000    1.0000    1.0000        16
         WORD2975_이십억     1.0000    1.0000    1.0000        10
        WORD2976_이십오억     1.0000    1.0000    1.0000        18
         WORD2977_삼십억     1.0000    1.0000    1.0000        21
        WORD2978_삼십오억     1.0000    1.0000    1.0000        13
         WORD2979_사십억     1.0000    1.0000    1.0000        19
        WORD2980_사십오억     1.0000    1.0000    1.0000        16
         WORD2981_오십억     1.0000    1.0000    1.0000        11
        WORD2982_오십오억     1.0000    1.0000    1.0000        11
         WORD2983_육십억     1.0000    1.0000    1.0000        24
        WORD2984_육십오억     1.0000    1.0000    1.0000        20
         WORD2985_칠십억     1.0000    1.0000    1.0000        23
        WORD2986_칠십오억     1.0000    1.0000    1.0000        18
         WORD2987_팔십억     1.0000    1.0000    1.0000        17
        WORD2988_팔십오억     1.0000    1.0000    1.0000        12
         WORD2989_구십억     1.0000    1.0000    1.0000        12
        WORD2990_구십오억     1.0000    1.0000    1.0000        21
          WORD2991_백억     1.0000    1.0000    1.0000        17
         WORD2992_이백억     1.0000    1.0000    1.0000        11
         WORD2993_삼백억     1.0000    1.0000    1.0000        24
         WORD2994_사백억     1.0000    1.0000    1.0000        26
         WORD2995_오백억     1.0000    1.0000    1.0000        12
         WORD2996_육백억     1.0000    1.0000    1.0000        23
         WORD2997_칠백억     1.0000    1.0000    1.0000         9
         WORD2998_팔백억     1.0000    1.0000    1.0000        15
         WORD2999_구백억     1.0000    1.0000    1.0000        20
          WORD3000_일조     1.0000    1.0000    1.0000        16

             accuracy                         0.9961     47633
            macro avg     0.9962    0.9962    0.9960     47633
         weighted avg     0.9964    0.9961    0.9961     47633
